account_id,cluster,is_mule
0,3,0
1,3,0
2,0,0
3,3,0
4,3,0
5,2,0
6,0,0
7,2,0
8,3,0
9,3,0
10,3,0
11,3,0
12,4,0
13,0,0
14,0,0
15,1,0
16,2,0
17,3,0
18,3,0
19,3,0
20,3,0
21,4,0
22,4,0
23,0,0
24,2,0
25,3,0
26,3,0
27,3,0
28,1,0
29,3,0
30,3,0
31,3,0
32,3,0
33,0,0
34,2,0
35,1,0
36,0,0
37,3,0
38,3,0
39,2,0
40,2,0
41,3,0
42,3,0
43,3,0
44,3,0
45,2,0
46,3,0
47,3,0
48,0,0
49,3,0
50,3,0
51,1,0
52,3,0
53,3,0
54,3,0
55,0,0
56,0,0
57,0,0
58,3,0
59,3,0
60,3,0
61,4,0
62,3,0
63,3,0
64,0,0
65,3,0
66,2,0
67,3,0
68,3,0
69,3,0
70,3,0
71,3,0
72,1,0
73,3,0
74,3,0
75,0,0
76,0,0
77,3,0
78,3,0
79,3,0
80,4,0
81,0,0
82,3,0
83,1,0
84,3,0
85,0,0
86,3,0
87,3,0
88,3,0
89,3,0
90,1,0
91,3,0
92,2,0
93,3,0
94,4,0
95,0,0
96,3,0
97,3,0
98,3,0
99,0,0
100,3,0
101,3,0
102,3,0
103,0,0
104,3,0
105,3,0
106,3,0
107,1,0
108,3,0
109,3,0
110,3,0
111,1,0
112,3,0
113,2,0
114,1,0
115,2,0
116,2,0
117,3,0
118,0,0
119,1,0
120,3,0
121,2,0
122,1,0
123,3,0
124,3,0
125,3,0
126,2,0
127,0,0
128,2,0
129,2,0
130,1,0
131,3,0
132,3,0
133,2,0
134,4,0
135,3,0
136,3,0
137,3,0
138,3,0
139,1,0
140,3,0
141,0,0
142,3,0
143,2,0
144,4,0
145,3,0
146,3,0
147,3,0
148,2,0
149,2,0
150,4,0
151,3,0
152,3,0
153,3,0
154,3,0
155,3,0
156,1,0
157,3,0
158,4,0
159,3,0
160,0,0
161,3,0
162,0,0
163,0,0
164,3,0
165,3,0
166,3,0
167,4,0
168,2,0
169,3,0
170,3,0
171,3,0
172,3,0
173,4,0
174,3,0
175,3,0
176,3,0
177,3,0
178,0,0
179,4,0
180,3,0
181,3,0
182,4,0
183,0,0
184,3,0
185,2,0
186,3,0
187,4,0
188,2,0
189,3,0
190,0,0
191,0,0
192,3,0
193,3,0
194,3,0
195,0,0
196,1,0
197,4,0
198,1,0
199,0,0
200,3,0
201,3,0
202,3,0
203,3,0
204,3,0
205,3,0
206,3,0
207,3,0
208,3,0
209,0,0
210,3,0
211,3,0
212,3,0
213,2,0
214,4,0
215,4,0
216,3,0
217,3,0
218,0,0
219,3,0
220,0,0
221,4,0
222,3,0
223,3,0
224,4,0
225,4,0
226,0,0
227,0,0
228,2,0
229,3,0
230,2,0
231,4,0
232,3,0
233,4,0
234,3,0
235,3,0
236,3,0
237,3,0
238,3,0
239,3,0
240,3,0
241,4,0
242,3,0
243,3,0
244,1,0
245,3,0
246,3,0
247,3,0
248,3,0
249,0,0
250,2,0
251,3,0
252,3,0
253,3,0
254,3,0
255,0,0
256,0,0
257,2,0
258,3,0
259,3,0
260,3,0
261,3,0
262,3,0
263,3,0
264,3,0
265,3,0
266,3,0
267,3,0
268,1,0
269,3,0
270,2,0
271,0,0
272,3,0
273,3,0
274,4,0
275,3,0
276,0,0
277,3,0
278,3,0
279,3,0
280,0,0
281,3,0
282,3,0
283,3,0
284,0,0
285,3,0
286,3,0
287,3,0
288,3,0
289,4,0
290,3,0
291,3,0
292,3,0
293,3,0
294,0,0
295,3,0
296,3,0
297,3,0
298,2,0
299,3,0
300,2,0
301,2,0
302,2,0
303,3,0
304,3,0
305,2,0
306,0,0
307,3,0
308,3,0
309,0,0
310,3,0
311,1,0
312,1,0
313,3,0
314,3,0
315,3,0
316,3,0
317,3,0
318,3,0
319,3,0
320,3,0
321,3,0
322,0,0
323,3,0
324,3,0
325,2,0
326,3,0
327,3,0
328,0,0
329,3,0
330,2,0
331,3,0
332,3,0
333,3,0
334,3,0
335,3,0
336,3,0
337,3,0
338,0,0
339,2,0
340,0,0
341,3,0
342,3,0
343,3,0
344,3,0
345,3,0
346,3,0
347,3,0
348,4,0
349,3,0
350,3,0
351,3,0
352,3,0
353,3,0
354,3,0
355,3,0
356,1,0
357,3,0
358,2,0
359,3,0
360,3,0
361,3,0
362,3,0
363,3,0
364,3,0
365,4,0
366,3,0
367,4,0
368,3,0
369,4,0
370,3,0
371,3,0
372,0,0
373,3,0
374,3,0
375,2,0
376,3,0
377,3,0
378,2,0
379,3,0
380,3,0
381,2,0
382,3,0
383,3,0
384,3,0
385,1,0
386,3,0
387,3,0
388,1,0
389,3,0
390,3,0
391,3,0
392,3,0
393,3,0
394,0,0
395,2,0
396,3,0
397,3,0
398,3,0
399,4,0
400,3,0
401,3,0
402,3,0
403,1,0
404,3,0
405,1,0
406,1,0
407,3,0
408,1,0
409,3,0
410,0,0
411,4,0
412,3,0
413,0,0
414,3,0
415,3,0
416,3,0
417,3,0
418,3,0
419,1,0
420,3,0
421,4,0
422,3,0
423,4,0
424,3,0
425,3,0
426,2,0
427,3,0
428,3,0
429,0,0
430,3,0
431,3,0
432,0,0
433,3,0
434,3,0
435,3,0
436,3,0
437,3,0
438,3,0
439,3,0
440,3,0
441,2,0
442,3,0
443,3,0
444,0,0
445,3,0
446,3,0
447,1,0
448,3,0
449,3,0
450,3,0
451,3,0
452,3,0
453,3,0
454,4,0
455,1,0
456,0,0
457,2,0
458,3,0
459,3,0
460,0,0
461,0,0
462,0,0
463,2,0
464,3,0
465,3,0
466,3,0
467,3,0
468,1,0
469,0,0
470,1,0
471,1,0
472,3,0
473,3,0
474,3,0
475,3,0
476,3,0
477,0,0
478,3,0
479,3,0
480,3,0
481,0,0
482,3,0
483,3,0
484,1,0
485,3,0
486,2,0
487,4,0
488,1,0
489,3,0
490,3,0
491,0,0
492,3,0
493,4,0
494,0,0
495,3,0
496,3,0
497,1,0
498,2,0
499,0,0
500,3,0
501,3,0
502,3,0
503,2,0
504,1,0
505,4,0
506,4,0
507,2,0
508,3,0
509,3,0
510,3,0
511,3,0
512,0,0
513,3,0
514,2,0
515,3,0
516,3,0
517,2,0
518,3,0
519,1,0
520,0,0
521,3,0
522,0,0
523,3,0
524,3,0
525,0,0
526,2,0
527,0,0
528,3,0
529,3,0
530,3,0
531,3,0
532,3,0
533,2,0
534,0,0
535,0,0
536,4,0
537,0,0
538,0,0
539,0,0
540,0,0
541,3,0
542,0,0
543,3,0
544,0,0
545,3,0
546,3,0
547,0,0
548,0,0
549,3,0
550,3,0
551,3,0
552,3,0
553,1,0
554,3,0
555,3,0
556,3,0
557,3,0
558,0,0
559,3,0
560,2,0
561,3,0
562,2,0
563,3,0
564,3,0
565,4,0
566,3,0
567,3,0
568,3,0
569,3,0
570,3,0
571,3,0
572,3,0
573,3,0
574,0,0
575,0,0
576,3,0
577,1,0
578,3,0
579,3,0
580,0,0
581,0,0
582,3,0
583,3,0
584,3,0
585,1,0
586,1,0
587,3,0
588,3,0
589,3,0
590,3,0
591,3,0
592,0,0
593,3,0
594,3,0
595,0,0
596,3,0
597,3,0
598,4,0
599,2,0
600,3,0
601,3,0
602,3,0
603,3,0
604,3,0
605,3,0
606,3,0
607,0,0
608,3,0
609,3,0
610,3,0
611,0,0
612,3,0
613,3,0
614,3,0
615,4,0
616,4,0
617,3,0
618,3,0
619,3,0
620,3,0
621,0,0
622,2,0
623,3,0
624,3,0
625,3,0
626,3,0
627,4,0
628,3,0
629,3,0
630,3,0
631,3,0
632,0,0
633,2,0
634,2,0
635,3,0
636,3,0
637,3,0
638,3,0
639,4,0
640,4,0
641,1,0
642,3,0
643,2,0
644,3,0
645,2,0
646,3,0
647,4,0
648,3,0
649,3,0
650,2,0
651,0,0
652,3,0
653,3,0
654,0,0
655,1,0
656,3,0
657,1,0
658,3,0
659,1,0
660,1,0
661,3,0
662,3,0
663,3,0
664,3,0
665,3,0
666,4,0
667,4,0
668,1,0
669,2,0
670,3,0
671,3,0
672,3,0
673,4,0
674,3,0
675,4,0
676,3,0
677,3,0
678,1,0
679,0,0
680,3,0
681,3,0
682,0,0
683,3,0
684,3,0
685,1,0
686,4,0
687,4,0
688,3,0
689,3,0
690,3,0
691,0,0
692,3,0
693,3,0
694,3,0
695,3,0
696,3,0
697,3,0
698,3,0
699,3,0
700,0,0
701,2,0
702,2,0
703,0,0
704,1,0
705,3,0
706,3,0
707,3,0
708,3,0
709,0,0
710,1,0
711,4,0
712,3,0
713,3,0
714,1,0
715,2,0
716,3,0
717,3,0
718,3,0
719,3,0
720,3,0
721,0,0
722,2,0
723,3,0
724,3,0
725,3,0
726,2,0
727,3,0
728,3,0
729,3,0
730,3,0
731,3,0
732,3,0
733,3,0
734,0,0
735,3,0
736,0,0
737,0,0
738,4,0
739,0,0
740,0,0
741,1,0
742,3,0
743,3,0
744,3,0
745,2,0
746,3,0
747,3,0
748,3,0
749,3,0
750,3,0
751,3,0
752,0,0
753,3,0
754,4,0
755,3,0
756,3,0
757,3,0
758,3,0
759,3,0
760,3,0
761,2,0
762,3,0
763,3,0
764,3,0
765,4,0
766,3,0
767,0,0
768,4,0
769,0,0
770,1,0
771,1,0
772,3,0
773,4,0
774,1,0
775,3,0
776,3,0
777,1,0
778,3,0
779,1,0
780,3,0
781,3,0
782,2,0
783,1,0
784,1,0
785,0,0
786,3,0
787,3,0
788,0,0
789,3,0
790,3,0
791,2,0
792,3,0
793,0,0
794,0,0
795,0,0
796,3,0
797,3,0
798,2,0
799,1,0
800,3,0
801,0,0
802,0,0
803,0,0
804,0,0
805,2,0
806,0,0
807,0,0
808,3,0
809,1,0
810,3,0
811,4,0
812,2,0
813,3,0
814,3,0
815,3,0
816,1,0
817,3,0
818,2,0
819,3,0
820,3,0
821,0,0
822,1,0
823,3,0
824,2,0
825,3,0
826,3,0
827,2,0
828,0,0
829,3,0
830,2,0
831,2,0
832,3,0
833,0,0
834,2,0
835,0,0
836,3,0
837,1,0
838,0,0
839,1,0
840,3,0
841,3,0
842,4,0
843,3,0
844,0,0
845,0,0
846,0,0
847,3,0
848,3,0
849,3,0
850,3,0
851,3,0
852,3,0
853,0,0
854,2,0
855,3,0
856,2,0
857,0,0
858,3,0
859,0,0
860,3,0
861,4,0
862,4,0
863,3,0
864,3,0
865,3,0
866,3,0
867,0,0
868,2,0
869,2,0
870,3,0
871,3,0
872,3,0
873,3,0
874,3,0
875,3,0
876,0,0
877,2,0
878,2,0
879,3,0
880,3,0
881,3,0
882,1,0
883,3,0
884,3,0
885,1,0
886,1,0
887,1,0
888,3,0
889,0,0
890,3,0
891,0,0
892,2,0
893,0,0
894,2,0
895,2,0
896,3,0
897,3,0
898,2,0
899,3,0
900,0,0
901,3,0
902,3,0
903,3,0
904,2,0
905,2,0
906,3,0
907,3,0
908,2,0
909,1,0
910,3,0
911,1,0
912,1,0
913,3,0
914,4,0
915,4,0
916,3,0
917,3,0
918,3,0
919,3,0
920,0,0
921,3,0
922,3,0
923,4,0
924,3,0
925,1,0
926,2,0
927,3,0
928,0,0
929,3,0
930,3,0
931,2,0
932,0,0
933,0,0
934,1,0
935,1,0
936,4,0
937,3,0
938,3,0
939,3,0
940,2,0
941,3,0
942,3,0
943,3,0
944,3,0
945,0,0
946,3,0
947,3,0
948,3,0
949,3,0
950,3,0
951,3,0
952,3,0
953,3,0
954,4,0
955,3,0
956,3,0
957,3,0
958,3,0
959,3,0
960,3,0
961,3,0
962,3,0
963,3,0
964,3,0
965,3,0
966,3,0
967,4,0
968,3,0
969,3,0
970,3,0
971,2,0
972,3,0
973,3,0
974,3,0
975,3,0
976,3,0
977,3,0
978,3,0
979,2,0
980,2,0
981,4,0
982,3,0
983,2,0
984,3,0
985,3,0
986,3,0
987,3,0
988,3,0
989,0,0
990,2,0
991,3,0
992,3,0
993,3,0
994,1,0
995,0,0
996,0,0
997,1,0
998,3,0
999,3,0
1000,0,0
1001,1,0
1002,0,0
1003,1,0
1004,3,0
1005,3,0
1006,0,0
1007,3,0
1008,3,0
1009,3,0
1010,1,0
1011,1,0
1012,3,0
1013,3,0
1014,4,0
1015,3,0
1016,3,0
1017,3,0
1018,3,0
1019,3,0
1020,3,0
1021,2,0
1022,3,0
1023,2,0
1024,3,0
1025,2,0
1026,0,0
1027,3,0
1028,4,0
1029,4,0
1030,3,0
1031,0,0
1032,4,0
1033,3,0
1034,0,0
1035,4,0
1036,0,0
1037,3,0
1038,3,0
1039,3,0
1040,0,0
1041,3,0
1042,2,0
1043,3,0
1044,3,0
1045,3,0
1046,3,0
1047,3,0
1048,3,0
1049,4,0
1050,3,0
1051,3,0
1052,3,0
1053,2,0
1054,2,0
1055,2,0
1056,3,0
1057,4,0
1058,3,0
1059,1,0
1060,3,0
1061,3,0
1062,3,0
1063,2,0
1064,3,0
1065,4,0
1066,3,0
1067,3,0
1068,0,0
1069,3,0
1070,3,0
1071,0,0
1072,3,0
1073,3,0
1074,3,0
1075,3,0
1076,3,0
1077,3,0
1078,2,0
1079,3,0
1080,2,0
1081,3,0
1082,3,0
1083,2,0
1084,0,0
1085,2,0
1086,3,0
1087,3,0
1088,3,0
1089,2,0
1090,1,0
1091,3,0
1092,3,0
1093,2,0
1094,3,0
1095,3,0
1096,3,0
1097,3,0
1098,4,0
1099,1,0
1100,3,0
1101,0,0
1102,3,0
1103,3,0
1104,2,0
1105,3,0
1106,2,0
1107,3,0
1108,3,0
1109,3,0
1110,0,0
1111,3,0
1112,3,0
1113,1,0
1114,0,0
1115,3,0
1116,1,0
1117,3,0
1118,3,0
1119,0,0
1120,2,0
1121,3,0
1122,0,0
1123,3,0
1124,3,0
1125,1,0
1126,4,0
1127,3,0
1128,2,0
1129,0,0
1130,3,0
1131,3,0
1132,0,0
1133,0,0
1134,1,0
1135,3,0
1136,3,0
1137,2,0
1138,1,0
1139,1,0
1140,1,0
1141,3,0
1142,3,0
1143,3,0
1144,4,0
1145,3,0
1146,3,0
1147,3,0
1148,3,0
1149,2,0
1150,0,0
1151,3,0
1152,3,0
1153,0,0
1154,3,0
1155,3,0
1156,3,0
1157,2,0
1158,4,0
1159,3,0
1160,3,0
1161,2,0
1162,4,0
1163,4,0
1164,3,0
1165,3,0
1166,3,0
1167,3,0
1168,4,0
1169,1,0
1170,1,0
1171,3,0
1172,4,0
1173,2,0
1174,3,0
1175,3,0
1176,3,0
1177,0,0
1178,0,0
1179,2,0
1180,3,0
1181,1,0
1182,3,0
1183,3,0
1184,3,0
1185,3,0
1186,3,0
1187,3,0
1188,3,0
1189,4,0
1190,1,0
1191,1,0
1192,3,0
1193,2,0
1194,0,0
1195,2,0
1196,3,0
1197,3,0
1198,3,0
1199,4,0
1200,4,0
1201,4,0
1202,3,0
1203,3,0
1204,3,0
1205,3,0
1206,3,0
1207,3,0
1208,3,0
1209,1,0
1210,4,0
1211,1,0
1212,3,0
1213,1,0
1214,1,0
1215,3,0
1216,3,0
1217,1,0
1218,4,0
1219,3,0
1220,3,0
1221,3,0
1222,3,0
1223,3,0
1224,3,0
1225,2,0
1226,4,0
1227,2,0
1228,1,0
1229,4,0
1230,0,0
1231,2,0
1232,4,0
1233,4,0
1234,3,0
1235,3,0
1236,3,0
1237,3,0
1238,3,0
1239,2,0
1240,0,0
1241,3,0
1242,3,0
1243,3,0
1244,0,0
1245,3,0
1246,0,0
1247,3,0
1248,3,0
1249,0,0
1250,3,0
1251,3,0
1252,3,0
1253,3,0
1254,2,0
1255,4,0
1256,3,0
1257,3,0
1258,4,0
1259,3,0
1260,3,0
1261,3,0
1262,3,0
1263,3,0
1264,3,0
1265,3,0
1266,0,0
1267,0,0
1268,3,0
1269,2,0
1270,3,0
1271,1,0
1272,3,0
1273,0,0
1274,3,0
1275,3,0
1276,3,0
1277,3,0
1278,3,0
1279,1,0
1280,3,0
1281,3,0
1282,3,0
1283,2,0
1284,3,0
1285,2,0
1286,2,0
1287,3,0
1288,2,0
1289,3,0
1290,3,0
1291,3,0
1292,3,0
1293,3,0
1294,3,0
1295,3,0
1296,3,0
1297,0,0
1298,0,0
1299,4,0
1300,3,0
1301,3,0
1302,3,0
1303,3,0
1304,2,0
1305,3,0
1306,3,0
1307,3,0
1308,4,0
1309,3,0
1310,4,0
1311,3,0
1312,3,0
1313,0,0
1314,3,0
1315,3,0
1316,3,0
1317,3,0
1318,3,0
1319,3,0
1320,3,0
1321,1,0
1322,2,0
1323,4,0
1324,3,0
1325,3,0
1326,4,0
1327,0,0
1328,3,0
1329,2,0
1330,3,0
1331,3,0
1332,3,0
1333,4,0
1334,3,0
1335,3,0
1336,3,0
1337,0,0
1338,3,0
1339,3,0
1340,0,0
1341,3,0
1342,2,0
1343,3,0
1344,1,0
1345,3,0
1346,0,0
1347,2,0
1348,3,0
1349,3,0
1350,3,0
1351,2,0
1352,3,0
1353,3,0
1354,3,0
1355,3,0
1356,1,0
1357,0,0
1358,0,0
1359,3,0
1360,3,0
1361,3,0
1362,3,0
1363,4,0
1364,3,0
1365,2,0
1366,2,0
1367,3,0
1368,3,0
1369,3,0
1370,3,0
1371,0,0
1372,3,0
1373,3,0
1374,3,0
1375,3,0
1376,0,0
1377,3,0
1378,3,0
1379,0,0
1380,0,0
1381,3,0
1382,3,0
1383,2,0
1384,3,0
1385,3,0
1386,1,0
1387,3,0
1388,3,0
1389,0,0
1390,3,0
1391,2,0
1392,3,0
1393,3,0
1394,3,0
1395,3,0
1396,3,0
1397,3,0
1398,2,0
1399,3,0
1400,0,0
1401,3,0
1402,3,0
1403,3,0
1404,3,0
1405,3,0
1406,3,0
1407,4,0
1408,4,0
1409,2,0
1410,0,0
1411,3,0
1412,3,0
1413,3,0
1414,3,0
1415,3,0
1416,3,0
1417,3,0
1418,3,0
1419,3,0
1420,1,0
1421,4,0
1422,3,0
1423,3,0
1424,2,0
1425,3,0
1426,3,0
1427,4,0
1428,3,0
1429,3,0
1430,2,0
1431,3,0
1432,3,0
1433,3,0
1434,0,0
1435,3,0
1436,3,0
1437,3,0
1438,3,0
1439,3,0
1440,4,0
1441,0,0
1442,3,0
1443,4,0
1444,4,0
1445,4,0
1446,4,0
1447,3,0
1448,0,0
1449,3,0
1450,4,0
1451,3,0
1452,3,0
1453,3,0
1454,3,0
1455,4,0
1456,2,0
1457,3,0
1458,3,0
1459,1,0
1460,3,0
1461,2,0
1462,4,0
1463,3,0
1464,3,0
1465,3,0
1466,3,0
1467,3,0
1468,3,0
1469,1,0
1470,1,0
1471,3,0
1472,0,0
1473,1,0
1474,3,0
1475,3,0
1476,1,0
1477,1,0
1478,3,0
1479,3,0
1480,3,0
1481,0,0
1482,3,0
1483,3,0
1484,3,0
1485,1,0
1486,3,0
1487,3,0
1488,3,0
1489,3,0
1490,4,0
1491,3,0
1492,3,0
1493,0,0
1494,3,0
1495,3,0
1496,3,0
1497,4,0
1498,3,0
1499,3,0
1500,3,0
1501,3,0
1502,2,0
1503,1,0
1504,1,0
1505,0,0
1506,3,0
1507,3,0
1508,3,0
1509,3,0
1510,4,0
1511,2,0
1512,3,0
1513,1,0
1514,4,0
1515,1,0
1516,0,0
1517,3,0
1518,1,0
1519,0,0
1520,3,0
1521,3,0
1522,3,0
1523,1,0
1524,3,0
1525,3,0
1526,0,0
1527,2,0
1528,3,0
1529,3,0
1530,4,0
1531,2,0
1532,0,0
1533,4,0
1534,3,0
1535,3,0
1536,2,0
1537,3,0
1538,3,0
1539,2,0
1540,3,0
1541,3,0
1542,3,0
1543,3,0
1544,4,0
1545,3,0
1546,3,0
1547,4,0
1548,4,0
1549,3,0
1550,3,0
1551,0,0
1552,2,0
1553,3,0
1554,3,0
1555,3,0
1556,0,0
1557,2,0
1558,0,0
1559,3,0
1560,3,0
1561,4,0
1562,3,0
1563,3,0
1564,3,0
1565,3,0
1566,0,0
1567,0,0
1568,3,0
1569,3,0
1570,3,0
1571,3,0
1572,1,0
1573,3,0
1574,0,0
1575,2,0
1576,2,0
1577,3,0
1578,3,0
1579,3,0
1580,0,0
1581,3,0
1582,4,0
1583,3,0
1584,3,0
1585,2,0
1586,3,0
1587,3,0
1588,3,0
1589,0,0
1590,3,0
1591,3,0
1592,3,0
1593,4,0
1594,3,0
1595,3,0
1596,0,0
1597,3,0
1598,0,0
1599,3,0
1600,3,0
1601,4,0
1602,3,0
1603,2,0
1604,3,0
1605,0,0
1606,3,0
1607,4,0
1608,3,0
1609,3,0
1610,3,0
1611,0,0
1612,2,0
1613,3,0
1614,3,0
1615,1,0
1616,3,0
1617,3,0
1618,3,0
1619,2,0
1620,3,0
1621,3,0
1622,3,0
1623,3,0
1624,0,0
1625,3,0
1626,3,0
1627,2,0
1628,1,0
1629,3,0
1630,0,0
1631,3,0
1632,2,0
1633,0,0
1634,3,0
1635,3,0
1636,3,0
1637,3,0
1638,3,0
1639,1,0
1640,1,0
1641,1,0
1642,3,0
1643,3,0
1644,3,0
1645,4,0
1646,3,0
1647,3,0
1648,0,0
1649,3,0
1650,3,0
1651,1,0
1652,1,0
1653,1,0
1654,1,0
1655,3,0
1656,0,0
1657,2,0
1658,3,0
1659,3,0
1660,1,0
1661,3,0
1662,3,0
1663,0,0
1664,3,0
1665,3,0
1666,1,0
1667,4,0
1668,3,0
1669,2,0
1670,3,0
1671,1,0
1672,3,0
1673,3,0
1674,0,0
1675,0,0
1676,0,0
1677,4,0
1678,3,0
1679,3,0
1680,3,0
1681,4,0
1682,3,0
1683,2,0
1684,0,0
1685,1,0
1686,3,0
1687,2,0
1688,4,0
1689,1,0
1690,3,0
1691,3,0
1692,4,0
1693,0,0
1694,3,0
1695,3,0
1696,0,0
1697,4,0
1698,4,0
1699,3,0
1700,1,0
1701,3,0
1702,3,0
1703,0,0
1704,3,0
1705,3,0
1706,3,0
1707,0,0
1708,3,0
1709,4,0
1710,3,0
1711,0,0
1712,4,0
1713,3,0
1714,1,0
1715,1,0
1716,3,0
1717,0,0
1718,0,0
1719,2,0
1720,2,0
1721,3,0
1722,0,0
1723,3,0
1724,3,0
1725,3,0
1726,1,0
1727,4,0
1728,3,0
1729,0,0
1730,3,0
1731,1,0
1732,3,0
1733,3,0
1734,0,0
1735,3,0
1736,0,0
1737,3,0
1738,3,0
1739,4,0
1740,1,0
1741,3,0
1742,0,0
1743,1,0
1744,4,0
1745,3,0
1746,3,0
1747,2,0
1748,3,0
1749,3,0
1750,3,0
1751,3,0
1752,3,0
1753,1,0
1754,3,0
1755,3,0
1756,3,0
1757,2,0
1758,2,0
1759,1,0
1760,0,0
1761,0,0
1762,3,0
1763,3,0
1764,3,0
1765,3,0
1766,3,0
1767,3,0
1768,0,0
1769,3,0
1770,0,0
1771,0,0
1772,3,0
1773,1,0
1774,3,0
1775,3,0
1776,3,0
1777,3,0
1778,3,0
1779,3,0
1780,3,0
1781,1,0
1782,2,0
1783,0,0
1784,0,0
1785,3,0
1786,0,0
1787,3,0
1788,0,0
1789,3,0
1790,4,0
1791,0,0
1792,3,0
1793,0,0
1794,1,0
1795,2,0
1796,3,0
1797,1,0
1798,0,0
1799,0,0
1800,3,0
1801,3,0
1802,0,0
1803,3,0
1804,3,0
1805,3,0
1806,0,0
1807,2,0
1808,4,0
1809,3,0
1810,4,0
1811,3,0
1812,0,0
1813,3,0
1814,3,0
1815,3,0
1816,3,0
1817,2,0
1818,3,0
1819,1,0
1820,3,0
1821,3,0
1822,3,0
1823,1,0
1824,4,0
1825,3,0
1826,3,0
1827,0,0
1828,1,0
1829,1,0
1830,0,0
1831,3,0
1832,2,0
1833,1,0
1834,4,0
1835,2,0
1836,4,0
1837,4,0
1838,0,0
1839,3,0
1840,3,0
1841,3,0
1842,2,0
1843,4,0
1844,0,0
1845,0,0
1846,0,0
1847,3,0
1848,0,0
1849,3,0
1850,1,0
1851,3,0
1852,3,0
1853,3,0
1854,1,0
1855,3,0
1856,0,0
1857,0,0
1858,0,0
1859,2,0
1860,3,0
1861,2,0
1862,3,0
1863,3,0
1864,3,0
1865,3,0
1866,3,0
1867,4,0
1868,4,0
1869,4,0
1870,0,0
1871,0,0
1872,3,0
1873,3,0
1874,3,0
1875,3,0
1876,0,0
1877,0,0
1878,0,0
1879,0,0
1880,3,0
1881,1,0
1882,0,0
1883,3,0
1884,3,0
1885,0,0
1886,3,0
1887,3,0
1888,3,0
1889,1,0
1890,3,0
1891,3,0
1892,3,0
1893,3,0
1894,0,0
1895,3,0
1896,3,0
1897,3,0
1898,0,0
1899,0,0
1900,3,0
1901,4,0
1902,4,0
1903,3,0
1904,3,0
1905,0,0
1906,4,0
1907,3,0
1908,4,0
1909,3,0
1910,3,0
1911,3,0
1912,1,0
1913,3,0
1914,4,0
1915,3,0
1916,2,0
1917,3,0
1918,3,0
1919,3,0
1920,3,0
1921,3,0
1922,3,0
1923,4,0
1924,3,0
1925,3,0
1926,0,0
1927,2,0
1928,2,0
1929,3,0
1930,3,0
1931,3,0
1932,3,0
1933,1,0
1934,0,0
1935,0,0
1936,3,0
1937,1,0
1938,1,0
1939,1,0
1940,3,0
1941,3,0
1942,0,0
1943,0,0
1944,2,0
1945,3,0
1946,3,0
1947,0,0
1948,1,0
1949,4,0
1950,3,0
1951,0,0
1952,0,0
1953,0,0
1954,4,0
1955,3,0
1956,3,0
1957,3,0
1958,3,0
1959,3,0
1960,3,0
1961,3,0
1962,3,0
1963,2,0
1964,4,0
1965,3,0
1966,1,0
1967,4,0
1968,1,0
1969,3,0
1970,3,0
1971,3,0
1972,0,0
1973,4,0
1974,0,0
1975,3,0
1976,3,0
1977,0,0
1978,2,0
1979,4,0
1980,2,0
1981,1,0
1982,3,0
1983,1,0
1984,3,0
1985,0,0
1986,0,0
1987,2,0
1988,3,0
1989,4,0
1990,3,0
1991,2,0
1992,2,0
1993,3,0
1994,0,0
1995,0,0
1996,4,0
1997,3,0
1998,1,0
1999,0,0
2000,4,0
2001,3,0
2002,3,0
2003,0,0
2004,3,0
2005,3,0
2006,3,0
2007,3,0
2008,3,0
2009,3,0
2010,1,0
2011,1,0
2012,3,0
2013,2,0
2014,3,0
2015,3,0
2016,3,0
2017,3,0
2018,2,0
2019,0,0
2020,3,0
2021,1,0
2022,0,0
2023,3,0
2024,4,0
2025,3,0
2026,1,0
2027,3,0
2028,3,0
2029,1,0
2030,0,0
2031,0,0
2032,3,0
2033,3,0
2034,3,0
2035,3,0
2036,0,0
2037,4,0
2038,3,0
2039,3,0
2040,3,0
2041,3,0
2042,3,0
2043,3,0
2044,3,0
2045,2,0
2046,3,0
2047,2,0
2048,0,0
2049,0,0
2050,3,0
2051,3,0
2052,3,0
2053,3,0
2054,2,0
2055,3,0
2056,0,0
2057,0,0
2058,3,0
2059,1,0
2060,3,0
2061,4,0
2062,3,0
2063,1,0
2064,0,0
2065,3,0
2066,1,0
2067,0,0
2068,3,0
2069,2,0
2070,3,0
2071,3,0
2072,3,0
2073,2,0
2074,3,0
2075,2,0
2076,2,0
2077,3,0
2078,4,0
2079,3,0
2080,2,0
2081,2,0
2082,0,0
2083,0,0
2084,0,0
2085,3,0
2086,3,0
2087,3,0
2088,3,0
2089,0,0
2090,2,0
2091,2,0
2092,3,0
2093,0,0
2094,1,0
2095,3,0
2096,0,0
2097,1,0
2098,3,0
2099,0,0
2100,1,0
2101,0,0
2102,4,0
2103,1,0
2104,3,0
2105,0,0
2106,3,0
2107,3,0
2108,3,0
2109,2,0
2110,3,0
2111,3,0
2112,0,0
2113,3,0
2114,2,0
2115,3,0
2116,3,0
2117,2,0
2118,3,0
2119,3,0
2120,3,0
2121,0,0
2122,0,0
2123,0,0
2124,3,0
2125,3,0
2126,3,0
2127,3,0
2128,0,0
2129,3,0
2130,3,0
2131,3,0
2132,0,0
2133,0,0
2134,0,0
2135,2,0
2136,3,0
2137,4,0
2138,4,0
2139,4,0
2140,3,0
2141,2,0
2142,3,0
2143,1,0
2144,2,0
2145,3,0
2146,3,0
2147,3,0
2148,3,0
2149,3,0
2150,0,0
2151,3,0
2152,1,0
2153,3,0
2154,2,0
2155,3,0
2156,3,0
2157,3,0
2158,3,0
2159,1,0
2160,2,0
2161,2,0
2162,3,0
2163,3,0
2164,3,0
2165,3,0
2166,4,0
2167,4,0
2168,1,0
2169,0,0
2170,3,0
2171,3,0
2172,3,0
2173,3,0
2174,3,0
2175,0,0
2176,3,0
2177,1,0
2178,0,0
2179,3,0
2180,2,0
2181,3,0
2182,3,0
2183,3,0
2184,3,0
2185,3,0
2186,3,0
2187,3,0
2188,3,0
2189,0,0
2190,4,0
2191,4,0
2192,3,0
2193,1,0
2194,1,0
2195,3,0
2196,0,0
2197,1,0
2198,1,0
2199,1,0
2200,3,0
2201,0,0
2202,3,0
2203,2,0
2204,3,0
2205,4,0
2206,3,0
2207,1,0
2208,3,0
2209,4,0
2210,3,0
2211,2,0
2212,3,0
2213,1,0
2214,3,0
2215,0,0
2216,3,0
2217,0,0
2218,2,0
2219,2,0
2220,3,0
2221,3,0
2222,4,0
2223,3,0
2224,1,0
2225,3,0
2226,4,0
2227,4,0
2228,2,0
2229,0,0
2230,3,0
2231,3,0
2232,1,0
2233,1,0
2234,3,0
2235,3,0
2236,3,0
2237,3,0
2238,3,0
2239,3,0
2240,3,0
2241,3,0
2242,3,0
2243,3,0
2244,3,0
2245,2,0
2246,0,0
2247,3,0
2248,3,0
2249,3,0
2250,3,0
2251,3,0
2252,2,0
2253,3,0
2254,3,0
2255,0,0
2256,3,0
2257,0,0
2258,3,0
2259,3,0
2260,3,0
2261,1,0
2262,3,0
2263,3,0
2264,3,0
2265,3,0
2266,1,0
2267,1,0
2268,0,0
2269,1,0
2270,0,0
2271,3,0
2272,3,0
2273,3,0
2274,3,0
2275,0,0
2276,1,0
2277,1,0
2278,3,0
2279,1,0
2280,0,0
2281,3,0
2282,3,0
2283,3,0
2284,3,0
2285,3,0
2286,3,0
2287,3,0
2288,3,0
2289,2,0
2290,4,0
2291,3,0
2292,2,0
2293,0,0
2294,0,0
2295,3,0
2296,3,0
2297,1,0
2298,4,0
2299,3,0
2300,0,0
2301,0,0
2302,3,0
2303,3,0
2304,4,0
2305,4,0
2306,4,0
2307,0,0
2308,1,0
2309,0,0
2310,0,0
2311,4,0
2312,3,0
2313,3,0
2314,3,0
2315,3,0
2316,3,0
2317,4,0
2318,3,0
2319,3,0
2320,0,0
2321,3,0
2322,1,0
2323,3,0
2324,3,0
2325,3,0
2326,3,0
2327,3,0
2328,3,0
2329,3,0
2330,1,0
2331,0,0
2332,0,0
2333,3,0
2334,3,0
2335,3,0
2336,0,0
2337,2,0
2338,0,0
2339,4,0
2340,3,0
2341,0,0
2342,0,0
2343,0,0
2344,3,0
2345,1,0
2346,3,0
2347,3,0
2348,0,0
2349,0,0
2350,0,0
2351,0,0
2352,4,0
2353,0,0
2354,1,0
2355,3,0
2356,3,0
2357,3,0
2358,4,0
2359,3,0
2360,3,0
2361,3,0
2362,4,0
2363,3,0
2364,4,0
2365,0,0
2366,3,0
2367,3,0
2368,4,0
2369,3,0
2370,4,0
2371,2,0
2372,2,0
2373,3,0
2374,3,0
2375,0,0
2376,3,0
2377,2,0
2378,3,0
2379,0,0
2380,0,0
2381,3,0
2382,3,0
2383,0,0
2384,3,0
2385,3,0
2386,2,0
2387,3,0
2388,0,0
2389,3,0
2390,1,0
2391,3,0
2392,4,0
2393,3,0
2394,3,0
2395,3,0
2396,3,0
2397,0,0
2398,0,0
2399,3,0
2400,3,0
2401,3,0
2402,3,0
2403,3,0
2404,3,0
2405,1,0
2406,3,0
2407,0,0
2408,4,0
2409,0,0
2410,3,0
2411,4,0
2412,2,0
2413,0,0
2414,1,0
2415,0,0
2416,0,0
2417,0,0
2418,3,0
2419,3,0
2420,3,0
2421,3,0
2422,3,0
2423,0,0
2424,3,0
2425,1,0
2426,3,0
2427,3,0
2428,3,0
2429,1,0
2430,3,0
2431,3,0
2432,3,0
2433,4,0
2434,3,0
2435,0,0
2436,1,0
2437,4,0
2438,4,0
2439,3,0
2440,3,0
2441,0,0
2442,3,0
2443,3,0
2444,3,0
2445,3,0
2446,3,0
2447,3,0
2448,4,0
2449,3,0
2450,3,0
2451,3,0
2452,2,0
2453,3,0
2454,4,0
2455,3,0
2456,4,0
2457,3,0
2458,4,0
2459,2,0
2460,1,0
2461,0,0
2462,4,0
2463,3,0
2464,3,0
2465,0,0
2466,3,0
2467,2,0
2468,3,0
2469,2,0
2470,2,0
2471,3,0
2472,1,0
2473,0,0
2474,3,0
2475,3,0
2476,3,0
2477,4,0
2478,2,0
2479,3,0
2480,0,0
2481,1,0
2482,3,0
2483,3,0
2484,2,0
2485,0,0
2486,3,0
2487,3,0
2488,3,0
2489,3,0
2490,3,0
2491,3,0
2492,4,0
2493,3,0
2494,3,0
2495,0,0
2496,0,0
2497,0,0
2498,3,0
2499,2,0
2500,3,0
2501,1,0
2502,3,0
2503,1,0
2504,1,0
2505,3,0
2506,0,0
2507,3,0
2508,2,0
2509,2,0
2510,3,0
2511,3,0
2512,1,0
2513,2,0
2514,3,0
2515,3,0
2516,3,0
2517,2,0
2518,4,0
2519,3,0
2520,1,0
2521,2,0
2522,2,0
2523,0,0
2524,2,0
2525,0,0
2526,3,0
2527,3,0
2528,0,0
2529,3,0
2530,3,0
2531,0,0
2532,0,0
2533,3,0
2534,1,0
2535,3,0
2536,0,0
2537,3,0
2538,3,0
2539,4,0
2540,3,0
2541,3,0
2542,3,0
2543,3,0
2544,1,0
2545,1,0
2546,3,0
2547,3,0
2548,3,0
2549,3,0
2550,3,0
2551,0,0
2552,3,0
2553,3,0
2554,0,0
2555,3,0
2556,3,0
2557,3,0
2558,3,0
2559,3,0
2560,3,0
2561,0,0
2562,3,0
2563,3,0
2564,3,0
2565,3,0
2566,3,0
2567,3,0
2568,4,0
2569,4,0
2570,3,0
2571,3,0
2572,0,0
2573,3,0
2574,4,0
2575,4,0
2576,4,0
2577,4,0
2578,2,0
2579,0,0
2580,0,0
2581,3,0
2582,3,0
2583,0,0
2584,3,0
2585,3,0
2586,3,0
2587,3,0
2588,3,0
2589,0,0
2590,0,0
2591,0,0
2592,3,0
2593,1,0
2594,3,0
2595,4,0
2596,1,0
2597,3,0
2598,3,0
2599,3,0
2600,3,0
2601,3,0
2602,1,0
2603,0,0
2604,0,0
2605,3,0
2606,3,0
2607,1,0
2608,3,0
2609,3,0
2610,3,0
2611,0,0
2612,1,0
2613,3,0
2614,3,0
2615,0,0
2616,0,0
2617,3,0
2618,0,0
2619,3,0
2620,2,0
2621,1,0
2622,3,0
2623,3,0
2624,4,0
2625,3,0
2626,3,0
2627,0,0
2628,3,0
2629,2,0
2630,0,0
2631,4,0
2632,4,0
2633,0,0
2634,0,0
2635,3,0
2636,3,0
2637,3,0
2638,0,0
2639,3,0
2640,3,0
2641,1,0
2642,3,0
2643,3,0
2644,2,0
2645,0,0
2646,1,0
2647,3,0
2648,3,0
2649,3,0
2650,3,0
2651,3,0
2652,3,0
2653,1,0
2654,4,0
2655,0,0
2656,3,0
2657,3,0
2658,0,0
2659,3,0
2660,3,0
2661,3,0
2662,3,0
2663,3,0
2664,3,0
2665,3,0
2666,2,0
2667,0,0
2668,4,0
2669,3,0
2670,3,0
2671,2,0
2672,3,0
2673,3,0
2674,3,0
2675,2,0
2676,4,0
2677,4,0
2678,3,0
2679,3,0
2680,3,0
2681,3,0
2682,2,0
2683,1,0
2684,1,0
2685,0,0
2686,3,0
2687,3,0
2688,0,0
2689,3,0
2690,4,0
2691,4,0
2692,0,0
2693,4,0
2694,3,0
2695,3,0
2696,0,0
2697,3,0
2698,3,0
2699,0,0
2700,3,0
2701,1,0
2702,1,0
2703,3,0
2704,4,0
2705,1,0
2706,3,0
2707,2,0
2708,3,0
2709,4,0
2710,3,0
2711,3,0
2712,3,0
2713,0,0
2714,2,0
2715,4,0
2716,0,0
2717,3,0
2718,3,0
2719,2,0
2720,4,0
2721,2,0
2722,0,0
2723,0,0
2724,4,0
2725,1,0
2726,3,0
2727,2,0
2728,0,0
2729,4,0
2730,1,0
2731,1,0
2732,3,0
2733,0,0
2734,3,0
2735,0,0
2736,0,0
2737,3,0
2738,1,0
2739,1,0
2740,4,0
2741,3,0
2742,3,0
2743,3,0
2744,3,0
2745,3,0
2746,3,0
2747,3,0
2748,3,0
2749,1,0
2750,3,0
2751,2,0
2752,2,0
2753,4,0
2754,4,0
2755,4,0
2756,3,0
2757,3,0
2758,0,0
2759,3,0
2760,0,0
2761,0,0
2762,3,0
2763,2,0
2764,3,0
2765,3,0
2766,3,0
2767,2,0
2768,3,0
2769,4,0
2770,3,0
2771,0,0
2772,0,0
2773,0,0
2774,1,0
2775,2,0
2776,3,0
2777,3,0
2778,4,0
2779,1,0
2780,3,0
2781,1,0
2782,3,0
2783,3,0
2784,4,0
2785,3,0
2786,1,0
2787,3,0
2788,3,0
2789,3,0
2790,3,0
2791,4,0
2792,3,0
2793,3,0
2794,1,0
2795,3,0
2796,0,0
2797,3,0
2798,0,0
2799,2,0
2800,2,0
2801,2,0
2802,3,0
2803,4,0
2804,1,0
2805,0,0
2806,0,0
2807,0,0
2808,3,0
2809,2,0
2810,0,0
2811,2,0
2812,1,0
2813,1,0
2814,0,0
2815,3,0
2816,3,0
2817,1,0
2818,3,0
2819,0,0
2820,3,0
2821,3,0
2822,3,0
2823,3,0
2824,3,0
2825,4,0
2826,3,0
2827,3,0
2828,3,0
2829,4,0
2830,3,0
2831,3,0
2832,0,0
2833,2,0
2834,4,0
2835,3,0
2836,1,0
2837,3,0
2838,3,0
2839,3,0
2840,3,0
2841,4,0
2842,3,0
2843,3,0
2844,4,0
2845,0,0
2846,0,0
2847,3,0
2848,3,0
2849,4,0
2850,3,0
2851,3,0
2852,3,0
2853,3,0
2854,3,0
2855,3,0
2856,3,0
2857,3,0
2858,2,0
2859,3,0
2860,3,0
2861,4,0
2862,4,0
2863,0,0
2864,3,0
2865,3,0
2866,3,0
2867,4,0
2868,0,0
2869,0,0
2870,0,0
2871,4,0
2872,3,0
2873,3,0
2874,3,0
2875,2,0
2876,3,0
2877,4,0
2878,3,0
2879,3,0
2880,3,0
2881,3,0
2882,3,0
2883,3,0
2884,3,0
2885,1,0
2886,0,0
2887,3,0
2888,3,0
2889,4,0
2890,2,0
2891,1,0
2892,3,0
2893,3,0
2894,3,0
2895,3,0
2896,4,0
2897,0,0
2898,3,0
2899,2,0
2900,3,0
2901,0,0
2902,3,0
2903,3,0
2904,3,0
2905,3,0
2906,3,0
2907,3,0
2908,3,0
2909,2,0
2910,3,0
2911,3,0
2912,0,0
2913,2,0
2914,3,0
2915,2,0
2916,2,0
2917,1,0
2918,3,0
2919,3,0
2920,3,0
2921,4,0
2922,4,0
2923,3,0
2924,3,0
2925,3,0
2926,1,0
2927,3,0
2928,1,0
2929,3,0
2930,4,0
2931,0,0
2932,4,0
2933,4,0
2934,3,0
2935,3,0
2936,1,0
2937,1,0
2938,3,0
2939,3,0
2940,4,0
2941,4,0
2942,0,0
2943,3,0
2944,2,0
2945,3,0
2946,4,0
2947,2,0
2948,2,0
2949,3,0
2950,3,0
2951,1,0
2952,4,0
2953,2,0
2954,2,0
2955,3,0
2956,3,0
2957,3,0
2958,2,0
2959,3,0
2960,4,0
2961,4,0
2962,1,0
2963,3,0
2964,2,0
2965,3,0
2966,0,0
2967,1,0
2968,1,0
2969,4,0
2970,1,0
2971,3,0
2972,0,0
2973,0,0
2974,3,0
2975,4,0
2976,4,0
2977,3,0
2978,3,0
2979,3,0
2980,1,0
2981,2,0
2982,0,0
2983,3,0
2984,3,0
2985,0,0
2986,3,0
2987,3,0
2988,0,0
2989,4,0
2990,4,0
2991,3,0
2992,4,0
2993,1,0
2994,3,0
2995,2,0
2996,4,0
2997,4,0
2998,0,0
2999,4,0
3000,2,0
3001,0,0
3002,3,0
3003,3,0
3004,3,0
3005,3,0
3006,4,0
3007,3,0
3008,4,0
3009,4,0
3010,4,0
3011,3,0
3012,4,0
3013,3,0
3014,3,0
3015,3,0
3016,0,0
3017,3,0
3018,3,0
3019,3,0
3020,2,0
3021,1,0
3022,0,0
3023,3,0
3024,3,0
3025,0,0
3026,4,0
3027,4,0
3028,3,0
3029,3,0
3030,0,0
3031,0,0
3032,3,0
3033,0,0
3034,2,0
3035,3,0
3036,4,0
3037,3,0
3038,2,0
3039,3,0
3040,3,0
3041,3,0
3042,3,0
3043,0,0
3044,0,0
3045,4,0
3046,0,0
3047,3,0
3048,0,0
3049,4,0
3050,0,0
3051,3,0
3052,3,0
3053,3,0
3054,3,0
3055,3,0
3056,1,0
3057,0,0
3058,1,0
3059,4,0
3060,1,0
3061,3,0
3062,3,0
3063,3,0
3064,3,0
3065,3,0
3066,2,0
3067,3,0
3068,3,0
3069,3,0
3070,0,0
3071,1,0
3072,0,0
3073,3,0
3074,3,0
3075,3,0
3076,2,0
3077,3,0
3078,3,0
3079,0,0
3080,3,0
3081,3,0
3082,3,0
3083,3,0
3084,0,0
3085,3,0
3086,3,0
3087,3,0
3088,4,0
3089,3,0
3090,0,0
3091,3,0
3092,1,0
3093,3,0
3094,3,0
3095,2,0
3096,3,0
3097,0,0
3098,3,0
3099,3,0
3100,3,0
3101,2,0
3102,3,0
3103,3,0
3104,1,0
3105,0,0
3106,0,0
3107,0,0
3108,3,0
3109,4,0
3110,3,0
3111,0,0
3112,3,0
3113,0,0
3114,3,0
3115,0,0
3116,0,0
3117,2,0
3118,3,0
3119,1,0
3120,4,0
3121,3,0
3122,4,0
3123,3,0
3124,3,0
3125,3,0
3126,3,0
3127,3,0
3128,3,0
3129,2,0
3130,3,0
3131,3,0
3132,4,0
3133,4,0
3134,3,0
3135,0,0
3136,0,0
3137,0,0
3138,4,0
3139,3,0
3140,1,0
3141,4,0
3142,4,0
3143,0,0
3144,0,0
3145,3,0
3146,3,0
3147,4,0
3148,0,0
3149,2,0
3150,3,0
3151,3,0
3152,3,0
3153,2,0
3154,1,0
3155,3,0
3156,0,0
3157,3,0
3158,4,0
3159,3,0
3160,3,0
3161,0,0
3162,0,0
3163,3,0
3164,4,0
3165,3,0
3166,0,0
3167,3,0
3168,3,0
3169,3,0
3170,1,0
3171,3,0
3172,3,0
3173,3,0
3174,0,0
3175,3,0
3176,4,0
3177,0,0
3178,3,0
3179,3,0
3180,2,0
3181,0,0
3182,0,0
3183,0,0
3184,0,0
3185,0,0
3186,0,0
3187,3,0
3188,3,0
3189,3,0
3190,3,0
3191,4,0
3192,3,0
3193,4,0
3194,3,0
3195,0,0
3196,3,0
3197,3,0
3198,2,0
3199,2,0
3200,4,0
3201,3,0
3202,2,0
3203,3,0
3204,3,0
3205,3,0
3206,1,0
3207,1,0
3208,3,0
3209,4,0
3210,3,0
3211,2,0
3212,4,0
3213,3,0
3214,3,0
3215,3,0
3216,3,0
3217,1,0
3218,0,0
3219,0,0
3220,3,0
3221,3,0
3222,3,0
3223,3,0
3224,3,0
3225,3,0
3226,3,0
3227,3,0
3228,0,0
3229,4,0
3230,4,0
3231,0,0
3232,2,0
3233,4,0
3234,0,0
3235,3,0
3236,4,0
3237,0,0
3238,3,0
3239,3,0
3240,3,0
3241,3,0
3242,3,0
3243,3,0
3244,3,0
3245,3,0
3246,3,0
3247,1,0
3248,3,0
3249,4,0
3250,1,0
3251,3,0
3252,4,0
3253,0,0
3254,2,0
3255,3,0
3256,4,0
3257,3,0
3258,0,0
3259,3,0
3260,3,0
3261,3,0
3262,3,0
3263,1,0
3264,0,0
3265,0,0
3266,2,0
3267,3,0
3268,3,0
3269,3,0
3270,3,0
3271,3,0
3272,2,0
3273,3,0
3274,1,0
3275,2,0
3276,0,0
3277,0,0
3278,3,0
3279,0,0
3280,0,0
3281,0,0
3282,1,0
3283,1,0
3284,2,0
3285,3,0
3286,3,0
3287,3,0
3288,4,0
3289,2,0
3290,3,0
3291,1,0
3292,3,0
3293,4,0
3294,1,0
3295,2,0
3296,2,0
3297,3,0
3298,0,0
3299,4,0
3300,4,0
3301,3,0
3302,3,0
3303,3,0
3304,3,0
3305,3,0
3306,3,0
3307,3,0
3308,1,0
3309,3,0
3310,3,0
3311,3,0
3312,3,0
3313,3,0
3314,1,0
3315,3,0
3316,0,0
3317,2,0
3318,1,0
3319,1,0
3320,3,0
3321,3,0
3322,2,0
3323,0,0
3324,3,0
3325,3,0
3326,3,0
3327,3,0
3328,3,0
3329,4,0
3330,3,0
3331,4,0
3332,3,0
3333,0,0
3334,3,0
3335,3,0
3336,1,0
3337,4,0
3338,3,0
3339,2,0
3340,4,0
3341,3,0
3342,0,0
3343,3,0
3344,3,0
3345,2,0
3346,3,0
3347,3,0
3348,4,0
3349,0,0
3350,1,0
3351,1,0
3352,3,0
3353,2,0
3354,3,0
3355,0,0
3356,2,0
3357,3,0
3358,0,0
3359,3,0
3360,3,0
3361,3,0
3362,2,0
3363,1,0
3364,0,0
3365,4,0
3366,3,0
3367,0,0
3368,0,0
3369,0,0
3370,1,0
3371,3,0
3372,0,0
3373,1,0
3374,4,0
3375,4,0
3376,4,0
3377,1,0
3378,3,0
3379,0,0
3380,0,0
3381,3,0
3382,3,0
3383,0,0
3384,3,0
3385,4,0
3386,0,0
3387,0,0
3388,0,0
3389,3,0
3390,3,0
3391,1,0
3392,3,0
3393,2,0
3394,2,0
3395,3,0
3396,0,0
3397,0,0
3398,4,0
3399,0,0
3400,4,0
3401,3,0
3402,2,0
3403,0,0
3404,0,0
3405,3,0
3406,4,0
3407,1,0
3408,2,0
3409,3,0
3410,0,0
3411,3,0
3412,4,0
3413,4,0
3414,1,0
3415,4,0
3416,3,0
3417,0,0
3418,0,0
3419,3,0
3420,3,0
3421,3,0
3422,0,0
3423,0,0
3424,0,0
3425,4,0
3426,3,0
3427,3,0
3428,0,0
3429,4,0
3430,4,0
3431,2,0
3432,3,0
3433,0,0
3434,3,0
3435,0,0
3436,0,0
3437,4,0
3438,1,0
3439,2,0
3440,3,0
3441,3,0
3442,0,0
3443,0,0
3444,3,0
3445,3,0
3446,3,0
3447,3,0
3448,3,0
3449,3,0
3450,3,0
3451,3,0
3452,3,0
3453,1,0
3454,3,0
3455,1,0
3456,0,0
3457,3,0
3458,1,0
3459,3,0
3460,0,0
3461,0,0
3462,4,0
3463,2,0
3464,3,0
3465,4,0
3466,3,0
3467,1,0
3468,3,0
3469,0,0
3470,0,0
3471,1,0
3472,3,0
3473,3,0
3474,3,0
3475,2,0
3476,3,0
3477,3,0
3478,2,0
3479,3,0
3480,3,0
3481,2,0
3482,3,0
3483,3,0
3484,0,0
3485,4,0
3486,1,0
3487,1,0
3488,3,0
3489,2,0
3490,3,0
3491,3,0
3492,1,0
3493,3,0
3494,3,0
3495,1,0
3496,2,0
3497,3,0
3498,2,0
3499,3,0
3500,0,0
3501,3,0
3502,3,0
3503,3,0
3504,1,0
3505,4,0
3506,4,0
3507,3,0
3508,4,0
3509,4,0
3510,0,0
3511,3,0
3512,2,0
3513,1,0
3514,2,0
3515,1,0
3516,4,0
3517,2,0
3518,1,0
3519,1,0
3520,3,0
3521,1,0
3522,3,0
3523,3,0
3524,3,0
3525,3,0
3526,3,0
3527,2,0
3528,2,0
3529,3,0
3530,0,0
3531,3,0
3532,1,0
3533,3,0
3534,3,0
3535,3,0
3536,1,0
3537,3,0
3538,3,0
3539,4,0
3540,2,0
3541,0,0
3542,3,0
3543,3,0
3544,0,0
3545,0,0
3546,3,0
3547,0,0
3548,3,0
3549,3,0
3550,0,0
3551,3,0
3552,3,0
3553,1,0
3554,4,0
3555,3,0
3556,1,0
3557,3,0
3558,3,0
3559,3,0
3560,0,0
3561,2,0
3562,3,0
3563,1,0
3564,0,0
3565,0,0
3566,4,0
3567,4,0
3568,0,0
3569,3,0
3570,0,0
3571,1,0
3572,2,0
3573,1,0
3574,3,0
3575,3,0
3576,1,0
3577,4,0
3578,3,0
3579,3,0
3580,0,0
3581,0,0
3582,0,0
3583,2,0
3584,3,0
3585,3,0
3586,3,0
3587,3,0
3588,3,0
3589,3,0
3590,2,0
3591,1,0
3592,3,0
3593,4,0
3594,0,0
3595,1,0
3596,3,0
3597,3,0
3598,3,0
3599,0,0
3600,3,0
3601,3,0
3602,2,0
3603,4,0
3604,3,0
3605,2,0
3606,3,0
3607,3,0
3608,3,0
3609,3,0
3610,0,0
3611,1,0
3612,1,0
3613,1,0
3614,3,0
3615,2,0
3616,3,0
3617,3,0
3618,0,0
3619,4,0
3620,1,0
3621,3,0
3622,4,0
3623,3,0
3624,1,0
3625,3,0
3626,3,0
3627,0,0
3628,3,0
3629,3,0
3630,3,0
3631,2,0
3632,3,0
3633,4,0
3634,3,0
3635,3,0
3636,3,0
3637,0,0
3638,3,0
3639,3,0
3640,0,0
3641,0,0
3642,3,0
3643,3,0
3644,3,0
3645,2,0
3646,1,0
3647,3,0
3648,0,0
3649,0,0
3650,3,0
3651,2,0
3652,4,0
3653,4,0
3654,3,0
3655,3,0
3656,2,0
3657,2,0
3658,2,0
3659,3,0
3660,3,0
3661,0,0
3662,3,0
3663,3,0
3664,2,0
3665,3,0
3666,3,0
3667,4,0
3668,2,0
3669,0,0
3670,1,0
3671,3,0
3672,1,0
3673,4,0
3674,1,0
3675,2,0
3676,3,0
3677,2,0
3678,3,0
3679,3,0
3680,4,0
3681,3,0
3682,3,0
3683,3,0
3684,3,0
3685,3,0
3686,3,0
3687,3,0
3688,0,0
3689,4,0
3690,3,0
3691,0,0
3692,3,0
3693,2,0
3694,0,0
3695,0,0
3696,3,0
3697,3,0
3698,3,0
3699,0,0
3700,0,0
3701,3,0
3702,0,0
3703,3,0
3704,4,0
3705,4,0
3706,3,0
3707,4,0
3708,4,0
3709,3,0
3710,3,0
3711,1,0
3712,3,0
3713,0,0
3714,3,0
3715,0,0
3716,4,0
3717,4,0
3718,1,0
3719,3,0
3720,2,0
3721,3,0
3722,3,0
3723,3,0
3724,0,0
3725,1,0
3726,3,0
3727,1,0
3728,3,0
3729,1,0
3730,1,0
3731,4,0
3732,3,0
3733,3,0
3734,3,0
3735,3,0
3736,4,0
3737,4,0
3738,4,0
3739,3,0
3740,1,0
3741,1,0
3742,3,0
3743,1,0
3744,4,0
3745,0,0
3746,3,0
3747,0,0
3748,3,0
3749,3,0
3750,2,0
3751,0,0
3752,3,0
3753,3,0
3754,4,0
3755,3,0
3756,3,0
3757,1,0
3758,1,0
3759,1,0
3760,3,0
3761,3,0
3762,0,0
3763,2,0
3764,2,0
3765,4,0
3766,3,0
3767,1,0
3768,3,0
3769,3,0
3770,1,0
3771,1,0
3772,1,0
3773,4,0
3774,0,0
3775,3,0
3776,3,0
3777,1,0
3778,0,0
3779,3,0
3780,3,0
3781,4,0
3782,0,0
3783,3,0
3784,3,0
3785,3,0
3786,3,0
3787,2,0
3788,3,0
3789,0,0
3790,0,0
3791,0,0
3792,4,0
3793,2,0
3794,4,0
3795,2,0
3796,0,0
3797,2,0
3798,0,0
3799,1,0
3800,3,0
3801,3,0
3802,0,0
3803,3,0
3804,0,0
3805,2,0
3806,3,0
3807,0,0
3808,1,0
3809,0,0
3810,0,0
3811,3,0
3812,3,0
3813,2,0
3814,1,0
3815,3,0
3816,1,0
3817,3,0
3818,3,0
3819,1,0
3820,4,0
3821,3,0
3822,3,0
3823,3,0
3824,1,0
3825,3,0
3826,0,0
3827,4,0
3828,0,0
3829,4,0
3830,1,0
3831,3,0
3832,3,0
3833,1,0
3834,1,0
3835,0,0
3836,0,0
3837,3,0
3838,3,0
3839,3,0
3840,4,0
3841,0,0
3842,0,0
3843,2,0
3844,3,0
3845,4,0
3846,3,0
3847,3,0
3848,3,0
3849,0,0
3850,3,0
3851,0,0
3852,0,0
3853,3,0
3854,2,0
3855,3,0
3856,3,0
3857,3,0
3858,1,0
3859,2,0
3860,0,0
3861,3,0
3862,3,0
3863,3,0
3864,3,0
3865,1,0
3866,3,0
3867,3,0
3868,2,0
3869,3,0
3870,1,0
3871,3,0
3872,1,0
3873,3,0
3874,4,0
3875,3,0
3876,3,0
3877,3,0
3878,3,0
3879,0,0
3880,3,0
3881,4,0
3882,4,0
3883,1,0
3884,4,0
3885,3,0
3886,4,0
3887,0,0
3888,3,0
3889,3,0
3890,3,0
3891,3,0
3892,0,0
3893,3,0
3894,3,0
3895,3,0
3896,3,0
3897,3,0
3898,3,0
3899,3,0
3900,3,0
3901,4,0
3902,3,0
3903,3,0
3904,3,0
3905,4,0
3906,3,0
3907,1,0
3908,0,0
3909,4,0
3910,0,0
3911,4,0
3912,3,0
3913,3,0
3914,0,0
3915,1,0
3916,1,0
3917,3,0
3918,4,0
3919,0,0
3920,3,0
3921,3,0
3922,4,0
3923,0,0
3924,3,0
3925,3,0
3926,4,0
3927,4,0
3928,3,0
3929,3,0
3930,3,0
3931,3,0
3932,3,0
3933,3,0
3934,1,0
3935,3,0
3936,3,0
3937,4,0
3938,3,0
3939,3,0
3940,1,0
3941,3,0
3942,0,0
3943,0,0
3944,0,0
3945,3,0
3946,0,0
3947,3,0
3948,3,0
3949,2,0
3950,3,0
3951,3,0
3952,0,0
3953,3,0
3954,1,0
3955,3,0
3956,3,0
3957,4,0
3958,4,0
3959,3,0
3960,0,0
3961,1,0
3962,3,0
3963,3,0
3964,0,0
3965,3,0
3966,3,0
3967,0,0
3968,0,0
3969,4,0
3970,4,0
3971,4,0
3972,3,0
3973,3,0
3974,3,0
3975,0,0
3976,0,0
3977,4,0
3978,4,0
3979,0,0
3980,3,0
3981,4,0
3982,0,0
3983,4,0
3984,4,0
3985,2,0
3986,3,0
3987,3,0
3988,3,0
3989,3,0
3990,3,0
3991,3,0
3992,3,0
3993,4,0
3994,4,0
3995,0,0
3996,4,0
3997,4,0
3998,4,0
3999,4,0
4000,4,0
4001,0,0
4002,4,0
4003,0,0
4004,0,0
4005,3,0
4006,1,0
4007,4,0
4008,0,0
4009,1,0
4010,4,0
4011,4,0
4012,3,0
4013,3,0
4014,0,0
4015,0,0
4016,3,0
4017,4,0
4018,2,0
4019,3,0
4020,1,0
4021,4,0
4022,4,0
4023,3,0
4024,3,0
4025,4,0
4026,4,0
4027,3,0
4028,3,0
4029,4,0
4030,0,0
4031,4,0
4032,3,0
4033,3,0
4034,1,0
4035,4,0
4036,3,0
4037,0,0
4038,3,0
4039,0,0
4040,3,0
4041,3,0
4042,3,0
4043,3,0
4044,3,0
4045,1,0
4046,0,0
4047,1,0
4048,4,0
4049,0,0
4050,3,0
4051,0,0
4052,3,0
4053,3,0
4054,3,0
4055,1,0
4056,0,0
4057,3,0
4058,2,0
4059,3,0
4060,3,0
4061,4,0
4062,4,0
4063,4,0
4064,4,0
4065,3,0
4066,4,0
4067,3,0
4068,4,0
4069,4,0
4070,4,0
4071,0,0
4072,3,0
4073,0,0
4074,1,0
4075,3,0
4076,4,0
4077,3,0
4078,3,0
4079,0,0
4080,3,0
4081,1,0
4082,4,0
4083,0,0
4084,1,0
4085,2,0
4086,3,0
4087,3,0
4088,4,0
4089,3,0
4090,0,0
4091,3,0
4092,3,0
4093,3,0
4094,2,0
4095,0,0
4096,1,0
4097,3,0
4098,3,0
4099,3,0
4100,4,0
4101,4,0
4102,4,0
4103,4,0
4104,4,0
4105,4,0
4106,3,0
4107,4,0
4108,4,0
4109,0,0
4110,4,0
4111,3,0
4112,1,0
4113,3,0
4114,4,0
4115,3,0
4116,4,0
4117,4,0
4118,4,0
4119,3,0
4120,2,0
4121,1,0
4122,3,0
4123,3,0
4124,4,0
4125,0,0
4126,4,0
4127,3,0
4128,3,0
4129,0,0
4130,3,0
4131,3,0
4132,4,0
4133,4,0
4134,0,0
4135,3,0
4136,3,0
4137,1,0
4138,0,0
4139,4,0
4140,4,0
4141,3,0
4142,0,0
4143,4,0
4144,4,0
4145,3,0
4146,4,0
4147,4,0
4148,0,0
4149,4,0
4150,3,0
4151,0,0
4152,3,0
4153,3,0
4154,3,0
4155,3,0
4156,4,0
4157,3,0
4158,2,0
4159,0,0
4160,3,0
4161,4,0
4162,1,0
4163,4,0
4164,3,0
4165,3,0
4166,4,0
4167,4,0
4168,0,0
4169,4,0
4170,3,0
4171,1,0
4172,4,0
4173,3,0
4174,3,0
4175,3,0
4176,2,0
4177,3,0
4178,4,0
4179,3,0
4180,0,0
4181,4,0
4182,4,0
4183,3,0
4184,3,0
4185,2,0
4186,0,0
4187,4,0
4188,4,0
4189,3,0
4190,2,0
4191,4,0
4192,3,0
4193,1,0
4194,0,0
4195,3,0
4196,4,0
4197,4,0
4198,3,0
4199,3,0
4200,3,0
4201,1,0
4202,4,0
4203,4,0
4204,4,0
4205,3,0
4206,4,0
4207,1,0
4208,3,0
4209,1,0
4210,1,0
4211,3,0
4212,4,0
4213,4,0
4214,3,0
4215,4,0
4216,4,0
4217,3,0
4218,3,0
4219,4,0
4220,3,0
4221,3,0
4222,4,0
4223,4,0
4224,3,0
4225,3,0
4226,1,0
4227,3,0
4228,3,0
4229,3,0
4230,1,0
4231,1,0
4232,4,0
4233,4,0
4234,0,0
4235,3,0
4236,4,0
4237,3,0
4238,4,0
4239,3,0
4240,4,0
4241,0,0
4242,0,0
4243,4,0
4244,4,0
4245,4,0
4246,4,0
4247,4,0
4248,4,0
4249,4,0
4250,4,0
4251,4,0
4252,3,0
4253,0,0
4254,3,0
4255,2,0
4256,2,0
4257,0,0
4258,3,0
4259,3,0
4260,3,0
4261,3,0
4262,3,0
4263,3,0
4264,1,0
4265,3,0
4266,3,0
4267,4,0
4268,3,0
4269,3,0
4270,3,0
4271,2,0
4272,3,0
4273,3,0
4274,3,0
4275,4,0
4276,0,0
4277,1,0
4278,3,0
4279,3,0
4280,3,0
4281,3,0
4282,3,0
4283,3,0
4284,3,0
4285,1,0
4286,3,0
4287,3,0
4288,0,0
4289,0,0
4290,3,0
4291,3,0
4292,1,0
4293,1,0
4294,3,0
4295,3,0
4296,3,0
4297,4,0
4298,3,0
4299,0,0
4300,4,0
4301,0,0
4302,3,0
4303,2,0
4304,3,0
4305,3,0
4306,4,0
4307,3,0
4308,3,0
4309,3,0
4310,3,0
4311,1,0
4312,1,0
4313,3,0
4314,3,0
4315,4,0
4316,0,0
4317,4,0
4318,0,0
4319,1,0
4320,4,0
4321,4,0
4322,4,0
4323,3,0
4324,4,0
4325,0,0
4326,4,0
4327,3,0
4328,3,0
4329,1,0
4330,0,0
4331,3,0
4332,4,0
4333,4,0
4334,3,0
4335,2,0
4336,3,0
4337,4,0
4338,3,0
4339,3,0
4340,3,0
4341,4,0
4342,3,0
4343,3,0
4344,3,0
4345,4,0
4346,0,0
4347,4,0
4348,0,0
4349,1,0
4350,3,0
4351,0,0
4352,3,0
4353,3,0
4354,2,0
4355,4,0
4356,3,0
4357,0,0
4358,3,0
4359,4,0
4360,3,0
4361,2,0
4362,1,0
4363,4,0
4364,3,0
4365,4,0
4366,3,0
4367,2,0
4368,0,0
4369,4,0
4370,4,0
4371,0,0
4372,3,0
4373,4,0
4374,2,0
4375,2,0
4376,3,0
4377,4,0
4378,3,0
4379,3,0
4380,3,0
4381,3,0
4382,4,0
4383,4,0
4384,3,0
4385,3,0
4386,3,0
4387,1,0
4388,0,0
4389,2,0
4390,1,0
4391,1,0
4392,0,0
4393,0,0
4394,4,0
4395,3,0
4396,3,0
4397,3,0
4398,4,0
4399,4,0
4400,3,0
4401,3,0
4402,4,0
4403,4,0
4404,4,0
4405,3,0
4406,0,0
4407,4,0
4408,4,0
4409,3,0
4410,1,0
4411,3,0
4412,3,0
4413,4,0
4414,4,0
4415,4,0
4416,3,0
4417,2,0
4418,0,0
4419,3,0
4420,4,0
4421,4,0
4422,4,0
4423,0,0
4424,3,0
4425,4,0
4426,3,0
4427,4,0
4428,4,0
4429,4,0
4430,4,0
4431,2,0
4432,3,0
4433,3,0
4434,3,0
4435,4,0
4436,4,0
4437,3,0
4438,3,0
4439,3,0
4440,4,0
4441,4,0
4442,4,0
4443,4,0
4444,4,0
4445,4,0
4446,3,0
4447,3,0
4448,2,0
4449,4,0
4450,4,0
4451,4,0
4452,3,0
4453,4,0
4454,4,0
4455,3,0
4456,4,0
4457,4,0
4458,4,0
4459,4,0
4460,2,0
4461,4,0
4462,4,0
4463,3,0
4464,4,0
4465,3,0
4466,3,0
4467,3,0
4468,3,0
4469,3,0
4470,0,0
4471,3,0
4472,4,0
4473,4,0
4474,3,0
4475,4,0
4476,4,0
4477,3,0
4478,0,0
4479,3,0
4480,3,0
4481,3,0
4482,3,0
4483,3,0
4484,3,0
4485,4,0
4486,4,0
4487,4,0
4488,4,0
4489,0,0
4490,4,0
4491,4,0
4492,3,0
4493,4,0
4494,3,0
4495,3,0
4496,3,0
4497,1,0
4498,3,0
4499,3,0
4500,4,0
4501,3,0
4502,4,0
4503,3,0
4504,4,0
4505,4,0
4506,3,0
4507,4,0
4508,4,0
4509,4,0
4510,4,0
4511,4,0
4512,4,0
4513,4,0
4514,3,0
4515,3,0
4516,0,0
4517,4,0
4518,4,0
4519,4,0
4520,4,0
4521,1,0
4522,3,0
4523,4,0
4524,4,0
4525,0,0
4526,0,0
4527,3,0
4528,4,0
4529,4,0
4530,3,0
4531,0,0
4532,4,0
4533,4,0
4534,3,0
4535,2,0
4536,3,0
4537,4,0
4538,0,0
4539,4,0
4540,0,0
4541,4,0
4542,4,0
4543,3,0
4544,4,0
4545,3,0
4546,4,0
4547,4,0
4548,4,0
4549,0,0
4550,0,0
4551,4,0
4552,3,0
4553,3,0
4554,4,0
4555,4,0
4556,4,0
4557,4,0
4558,4,0
4559,0,0
4560,4,0
4561,4,0
4562,3,0
4563,4,0
4564,3,0
4565,4,0
4566,1,0
4567,3,0
4568,4,0
4569,3,0
4570,3,0
4571,3,0
4572,4,0
4573,3,0
4574,0,0
4575,4,0
4576,3,0
4577,3,0
4578,4,0
4579,4,0
4580,4,0
4581,3,0
4582,3,0
4583,4,0
4584,3,0
4585,0,0
4586,4,0
4587,4,0
4588,3,0
4589,4,0
4590,4,0
4591,3,0
4592,4,0
4593,4,0
4594,4,0
4595,4,0
4596,3,0
4597,3,0
4598,2,0
4599,3,0
4600,1,0
4601,3,0
4602,3,0
4603,1,0
4604,1,0
4605,3,0
4606,4,0
4607,3,0
4608,2,0
4609,4,0
4610,4,0
4611,4,0
4612,3,0
4613,3,0
4614,3,0
4615,0,0
4616,4,0
4617,3,0
4618,4,0
4619,4,0
4620,4,0
4621,4,0
4622,3,0
4623,0,0
4624,2,0
4625,3,0
4626,4,0
4627,0,0
4628,4,0
4629,1,0
4630,4,0
4631,4,0
4632,4,0
4633,4,0
4634,4,0
4635,3,0
4636,4,0
4637,4,0
4638,4,0
4639,2,0
4640,4,0
4641,0,0
4642,4,0
4643,4,0
4644,4,0
4645,3,0
4646,4,0
4647,4,0
4648,4,0
4649,3,0
4650,4,0
4651,3,0
4652,4,0
4653,3,0
4654,4,0
4655,4,0
4656,2,0
4657,3,0
4658,3,0
4659,2,0
4660,0,0
4661,2,0
4662,4,0
4663,4,0
4664,1,0
4665,1,0
4666,2,0
4667,4,0
4668,4,0
4669,2,0
4670,4,0
4671,3,0
4672,3,0
4673,4,0
4674,0,0
4675,2,0
4676,4,0
4677,3,0
4678,4,0
4679,3,0
4680,3,0
4681,1,0
4682,3,0
4683,4,0
4684,3,0
4685,4,0
4686,3,0
4687,3,0
4688,1,0
4689,3,0
4690,4,0
4691,1,0
4692,1,0
4693,3,0
4694,4,0
4695,2,0
4696,3,0
4697,3,0
4698,2,0
4699,3,0
4700,1,0
4701,3,0
4702,1,0
4703,3,0
4704,0,0
4705,2,0
4706,3,0
4707,2,0
4708,3,0
4709,2,0
4710,2,0
4711,2,0
4712,2,0
4713,0,0
4714,2,0
4715,2,0
4716,2,0
4717,1,0
4718,3,0
4719,3,0
4720,4,0
4721,2,0
4722,1,0
4723,4,0
4724,4,0
4725,2,0
4726,2,0
4727,3,0
4728,2,0
4729,0,0
4730,2,0
4731,0,0
4732,4,0
4733,4,0
4734,4,0
4735,2,0
4736,2,0
4737,1,0
4738,3,0
4739,4,0
4740,4,0
4741,1,0
4742,3,0
4743,2,0
4744,2,0
4745,1,0
4746,2,0
4747,2,0
4748,3,0
4749,4,0
4750,2,0
4751,2,0
4752,2,0
4753,2,0
4754,4,0
4755,2,0
4756,2,0
4757,2,0
4758,2,0
4759,2,0
4760,2,0
4761,1,0
4762,2,0
4763,2,0
4764,2,0
4765,2,0
4766,2,0
4767,0,0
4768,2,0
4769,2,0
4770,2,0
4771,2,0
4772,2,0
4773,2,0
4774,2,0
4775,2,0
4776,2,0
4777,3,0
4778,3,0
4779,2,0
4780,4,0
4781,2,0
4782,2,0
4783,2,0
4784,2,0
4785,2,0
4786,2,0
4787,2,0
4788,2,0
4789,2,0
4790,2,0
4791,2,0
4792,2,0
4793,2,0
4794,2,0
4795,2,0
4796,2,0
4797,2,0
4798,2,0
4799,2,0
4800,2,0
4801,2,0
4802,2,0
4803,2,0
4804,2,0
4805,2,0
4806,3,0
4807,2,0
4808,2,0
4809,2,0
4810,2,0
4811,1,0
4812,2,0
4813,0,0
4814,2,0
4815,2,0
4816,2,0
4817,2,0
4818,2,0
4819,2,0
4820,2,0
4821,2,0
4822,2,0
4823,4,0
4824,0,0
4825,2,0
4826,2,0
4827,2,0
4828,2,0
4829,2,0
4830,2,0
4831,2,0
4832,2,0
4833,2,0
4834,2,0
4835,2,0
4836,2,0
4837,2,0
4838,2,0
4839,2,0
4840,2,0
4841,2,0
4842,2,0
4843,2,0
4844,2,0
4845,2,0
4846,2,0
4847,2,0
4848,2,0
4849,2,0
4850,2,0
4851,2,0
4852,2,0
4853,2,0
4854,2,0
4855,2,0
4856,2,0
4857,2,0
4858,2,0
4859,2,0
4860,2,0
4861,2,0
4862,2,0
4863,2,0
4864,2,0
4865,2,0
4866,2,0
4867,2,0
4868,1,0
4869,3,0
4870,2,0
4871,2,0
4872,2,0
4873,2,0
4874,2,0
4875,2,0
4876,2,0
4877,2,0
4878,2,0
4879,2,0
4880,2,0
4881,2,0
4882,1,0
4883,0,0
4884,2,0
4885,0,0
4886,2,0
4887,2,0
4888,2,0
4889,2,0
4890,2,0
4891,2,0
4892,2,0
4893,2,0
4894,2,0
4895,2,0
4896,2,0
4897,2,0
4898,2,0
4899,2,0
4900,2,0
4901,2,0
4902,2,0
4903,2,0
4904,2,0
4905,2,0
4906,2,0
4907,2,0
4908,2,0
4909,2,0
4910,2,0
4911,2,0
4912,2,0
4913,2,0
4914,2,0
4915,2,0
4916,2,0
4917,2,0
4918,2,0
4919,2,0
4920,2,0
4921,2,0
4922,2,0
4923,2,0
4924,2,0
4925,2,0
4926,2,0
4927,2,0
4928,2,0
4929,2,0
4930,2,0
4931,2,0
4932,2,0
4933,2,0
4934,2,0
4935,2,0
4936,2,0
4937,2,0
4938,2,0
4939,2,0
4940,2,0
4941,2,0
4942,2,0
4943,2,0
4944,2,0
4945,2,0
4946,2,0
4947,2,0
4948,2,0
4949,2,0
4950,2,0
4951,2,0
4952,2,0
4953,2,0
4954,2,0
4955,2,0
4956,2,0
4957,2,0
4958,2,0
4959,2,0
4960,2,0
4961,2,0
4962,2,0
4963,3,0
4964,2,0
4965,2,0
4966,2,0
4967,2,0
4968,2,0
4969,2,0
4970,2,0
4971,2,0
4972,2,0
4973,2,0
4974,2,0
4975,2,0
4976,2,0
4977,2,0
4978,2,0
4979,2,0
4980,2,0
4981,2,0
4982,2,0
4983,2,0
4984,2,0
4985,2,0
4986,2,0
4987,2,0
4988,2,0
4989,2,0
4990,2,0
4991,2,0
4992,2,0
4993,2,0
4994,2,0
4995,2,0
4996,2,0
4997,2,0
4998,2,0
4999,2,0
5000,2,0
5001,2,0
5002,2,0
5003,2,0
5004,2,0
5005,2,0
5006,2,0
5007,2,0
5008,2,0
5009,2,0
5010,2,0
5011,2,0
5012,2,0
5013,2,0
5014,2,0
5015,0,0
5016,2,0
5017,2,0
5018,2,0
5019,2,0
5020,2,0
5021,2,0
5022,2,0
5023,2,0
5024,2,0
5025,2,0
5026,2,0
5027,2,0
5028,2,0
5029,2,0
5030,2,0
5031,2,0
5032,2,0
5033,2,0
5034,2,0
5035,2,0
5036,2,0
5037,2,0
5038,2,0
5039,2,0
5040,2,0
5041,2,0
5042,2,0
5043,2,0
5044,2,0
5045,2,0
5046,2,0
5047,2,0
5048,2,0
5049,2,0
5050,2,0
5051,2,0
5052,2,0
5053,2,0
5054,2,0
5055,2,0
5056,1,0
5057,2,0
5058,2,0
5059,2,0
5060,2,0
5061,2,0
5062,2,0
5063,3,0
5064,2,0
5065,2,0
5066,2,0
5067,2,0
5068,2,0
5069,2,0
5070,2,0
5071,2,0
5072,2,0
5073,2,0
5074,2,0
5075,2,0
5076,2,0
5077,2,0
5078,2,0
5079,2,0
5080,2,0
5081,2,0
5082,2,0
5083,2,0
5084,2,0
5085,2,0
5086,2,0
5087,2,0
5088,2,0
5089,2,0
5090,1,0
5091,2,0
5092,2,0
5093,2,0
5094,2,0
5095,0,0
5096,2,0
5097,2,0
5098,2,0
5099,2,0
5100,2,0
5101,1,0
5102,2,0
5103,2,0
5104,2,0
5105,2,0
5106,2,0
5107,2,0
5108,2,0
5109,2,0
5110,2,0
5111,2,0
5112,2,0
5113,2,0
5114,0,0
5115,2,0
5116,2,0
5117,2,0
5118,2,0
5119,2,0
5120,0,0
5121,2,0
5122,2,0
5123,2,0
5124,2,0
5125,2,0
5126,2,0
5127,2,0
5128,2,0
5129,2,0
5130,2,0
5131,2,0
5132,1,0
5133,1,0
5134,2,0
5135,2,0
5136,2,0
5137,2,0
5138,2,0
5139,1,0
5140,2,0
5141,2,0
5142,2,0
5143,2,0
5144,2,0
5145,2,0
5146,0,0
5147,3,0
5148,3,0
5149,2,0
5150,3,0
5151,2,0
5152,0,0
5153,2,0
5154,1,0
5155,2,0
5156,1,0
5157,2,0
5158,3,0
5159,3,0
5160,0,0
5161,2,0
5162,1,0
5163,2,0
5164,1,0
5165,3,0
5166,2,0
5167,3,0
5168,3,0
5169,3,0
5170,1,0
5171,2,0
5172,2,0
5173,1,0
5174,2,0
5175,3,0
5176,3,0
5177,0,0
5178,0,0
5179,2,0
5180,1,0
5181,2,0
5182,0,0
5183,2,0
5184,2,0
5185,2,0
5186,0,0
5187,2,0
5188,2,0
5189,2,0
5190,0,0
5191,3,0
5192,1,0
5193,3,0
5194,2,0
5195,3,0
5196,0,0
5197,3,0
5198,3,0
5199,3,0
5200,2,0
5201,2,0
5202,3,0
5203,3,0
5204,1,0
5205,2,0
5206,3,0
5207,3,0
5208,3,0
5209,3,0
5210,3,0
5211,3,0
5212,2,0
5213,2,0
5214,3,0
5215,0,0
5216,0,0
5217,3,0
5218,0,0
5219,3,0
5220,2,0
5221,3,0
5222,3,0
5223,3,0
5224,2,0
5225,2,0
5226,4,0
5227,4,0
5228,3,0
5229,2,0
5230,3,0
5231,2,0
5232,0,0
5233,0,0
5234,2,0
5235,3,0
5236,1,0
5237,0,0
5238,3,0
5239,1,0
5240,3,0
5241,3,0
5242,2,0
5243,3,0
5244,2,0
5245,2,0
5246,2,0
5247,3,0
5248,3,0
5249,1,0
5250,3,0
5251,3,0
5252,0,0
5253,3,0
5254,0,0
5255,3,0
5256,3,0
5257,4,0
5258,0,0
5259,0,0
5260,0,0
5261,3,0
5262,4,0
5263,0,0
5264,0,0
5265,3,0
5266,3,0
5267,3,0
5268,0,0
5269,2,0
5270,1,0
5271,1,0
5272,3,0
5273,0,0
5274,0,0
5275,3,0
5276,0,0
5277,3,0
5278,3,0
5279,3,0
5280,2,0
5281,3,0
5282,3,0
5283,2,0
5284,3,0
5285,2,0
5286,2,0
5287,2,0
5288,1,0
5289,2,0
5290,3,0
5291,3,0
5292,3,0
5293,3,0
5294,3,0
5295,3,0
5296,3,0
5297,3,0
5298,3,0
5299,0,0
5300,1,0
5301,3,0
5302,3,0
5303,3,0
5304,3,0
5305,3,0
5306,3,0
5307,1,0
5308,3,0
5309,3,0
5310,3,0
5311,3,0
5312,3,0
5313,3,0
5314,0,0
5315,2,0
5316,0,0
5317,2,0
5318,3,0
5319,3,0
5320,3,0
5321,3,0
5322,3,0
5323,3,0
5324,3,0
5325,0,0
5326,0,0
5327,0,0
5328,3,0
5329,3,0
5330,3,0
5331,3,0
5332,3,0
5333,1,0
5334,0,0
5335,1,0
5336,1,0
5337,2,0
5338,1,0
5339,3,0
5340,0,0
5341,2,0
5342,4,0
5343,2,0
5344,2,0
5345,3,0
5346,3,0
5347,1,0
5348,3,0
5349,0,0
5350,3,0
5351,3,0
5352,3,0
5353,0,0
5354,3,0
5355,4,0
5356,3,0
5357,3,0
5358,3,0
5359,3,0
5360,2,0
5361,0,0
5362,3,0
5363,2,0
5364,3,0
5365,0,0
5366,0,0
5367,0,0
5368,2,0
5369,3,0
5370,3,0
5371,2,0
5372,2,0
5373,3,0
5374,4,0
5375,4,0
5376,1,0
5377,1,0
5378,1,0
5379,1,0
5380,3,0
5381,2,0
5382,2,0
5383,1,0
5384,4,0
5385,3,0
5386,0,0
5387,4,0
5388,3,0
5389,3,0
5390,3,0
5391,3,0
5392,0,0
5393,2,0
5394,1,0
5395,0,0
5396,3,0
5397,3,0
5398,3,0
5399,4,0
5400,0,0
5401,3,0
5402,0,0
5403,3,0
5404,1,0
5405,3,0
5406,2,0
5407,0,0
5408,2,0
5409,3,0
5410,1,0
5411,1,0
5412,3,0
5413,1,0
5414,1,0
5415,3,0
5416,2,0
5417,3,0
5418,4,0
5419,0,0
5420,3,0
5421,1,0
5422,3,0
5423,3,0
5424,3,0
5425,3,0
5426,1,0
5427,3,0
5428,3,0
5429,3,0
5430,0,0
5431,3,0
5432,3,0
5433,3,0
5434,0,0
5435,4,0
5436,3,0
5437,3,0
5438,0,0
5439,2,0
5440,2,0
5441,1,0
5442,3,0
5443,3,0
5444,3,0
5445,3,0
5446,3,0
5447,3,0
5448,0,0
5449,0,0
5450,1,0
5451,3,0
5452,2,0
5453,1,0
5454,3,0
5455,3,0
5456,3,0
5457,3,0
5458,3,0
5459,3,0
5460,3,0
5461,0,0
5462,3,0
5463,3,0
5464,3,0
5465,3,0
5466,3,0
5467,3,0
5468,3,0
5469,3,0
5470,3,0
5471,4,0
5472,3,0
5473,4,0
5474,4,0
5475,1,0
5476,3,0
5477,1,0
5478,3,0
5479,3,0
5480,3,0
5481,3,0
5482,2,0
5483,3,0
5484,3,0
5485,3,0
5486,0,0
5487,3,0
5488,3,0
5489,3,0
5490,0,0
5491,0,0
5492,2,0
5493,3,0
5494,3,0
5495,0,0
5496,0,0
5497,2,0
5498,3,0
5499,3,0
5500,3,0
5501,3,0
5502,3,0
5503,3,0
5504,0,0
5505,4,0
5506,3,0
5507,3,0
5508,0,0
5509,0,0
5510,3,0
5511,3,0
5512,3,0
5513,3,0
5514,3,0
5515,3,0
5516,3,0
5517,2,0
5518,3,0
5519,1,0
5520,0,0
5521,2,0
5522,2,0
5523,0,0
5524,3,0
5525,2,0
5526,1,0
5527,0,0
5528,0,0
5529,2,0
5530,4,0
5531,3,0
5532,3,0
5533,4,0
5534,3,0
5535,4,0
5536,3,0
5537,1,0
5538,0,0
5539,3,0
5540,3,0
5541,3,0
5542,0,0
5543,3,0
5544,1,0
5545,3,0
5546,1,0
5547,4,0
5548,3,0
5549,3,0
5550,0,0
5551,0,0
5552,3,0
5553,1,0
5554,3,0
5555,2,0
5556,3,0
5557,3,0
5558,3,0
5559,3,0
5560,0,0
5561,3,0
5562,3,0
5563,1,0
5564,1,0
5565,3,0
5566,1,0
5567,4,0
5568,2,0
5569,3,0
5570,2,0
5571,2,0
5572,2,0
5573,4,0
5574,4,0
5575,3,0
5576,3,0
5577,1,0
5578,0,0
5579,3,0
5580,3,0
5581,4,0
5582,0,0
5583,2,0
5584,2,0
5585,2,0
5586,0,0
5587,0,0
5588,0,0
5589,3,0
5590,3,0
5591,0,0
5592,0,0
5593,3,0
5594,3,0
5595,2,0
5596,2,0
5597,0,0
5598,1,0
5599,4,0
5600,3,0
5601,0,0
5602,3,0
5603,1,0
5604,0,0
5605,1,0
5606,1,0
5607,3,0
5608,1,0
5609,1,0
5610,4,0
5611,4,0
5612,2,0
5613,1,0
5614,0,0
5615,1,0
5616,3,0
5617,3,0
5618,2,0
5619,1,0
5620,2,0
5621,3,0
5622,3,0
5623,4,0
5624,4,0
5625,4,0
5626,0,0
5627,1,0
5628,0,0
5629,1,0
5630,2,0
5631,0,0
5632,3,0
5633,0,0
5634,2,0
5635,1,0
5636,3,0
5637,3,0
5638,2,0
5639,2,0
5640,3,0
5641,0,0
5642,3,0
5643,3,0
5644,0,0
5645,0,0
5646,4,0
5647,3,0
5648,3,0
5649,3,0
5650,4,0
5651,3,0
5652,3,0
5653,3,0
5654,4,0
5655,4,0
5656,1,0
5657,3,0
5658,0,0
5659,0,0
5660,3,0
5661,0,0
5662,0,0
5663,0,0
5664,4,0
5665,4,0
5666,3,0
5667,0,0
5668,3,0
5669,3,0
5670,0,0
5671,3,0
5672,0,0
5673,3,0
5674,3,0
5675,3,0
5676,3,0
5677,3,0
5678,1,0
5679,1,0
5680,1,0
5681,2,0
5682,3,0
5683,3,0
5684,2,0
5685,0,0
5686,3,0
5687,3,0
5688,3,0
5689,2,0
5690,3,0
5691,1,0
5692,1,0
5693,3,0
5694,3,0
5695,0,0
5696,0,0
5697,3,0
5698,2,0
5699,3,0
5700,3,0
5701,2,0
5702,0,0
5703,4,0
5704,3,0
5705,3,0
5706,2,0
5707,2,0
5708,0,0
5709,3,0
5710,4,0
5711,4,0
5712,4,0
5713,3,0
5714,3,0
5715,0,0
5716,3,0
5717,3,0
5718,3,0
5719,0,0
5720,3,0
5721,1,0
5722,3,0
5723,3,0
5724,1,0
5725,3,0
5726,0,0
5727,0,0
5728,3,0
5729,0,0
5730,0,0
5731,2,0
5732,1,0
5733,3,0
5734,4,0
5735,4,0
5736,1,0
5737,4,0
5738,1,0
5739,1,0
5740,0,0
5741,1,0
5742,3,0
5743,4,0
5744,3,0
5745,4,0
5746,4,0
5747,4,0
5748,4,0
5749,3,0
5750,3,0
5751,3,0
5752,3,0
5753,0,0
5754,3,0
5755,2,0
5756,4,0
5757,4,0
5758,3,0
5759,2,0
5760,3,0
5761,2,0
5762,1,0
5763,1,0
5764,1,0
5765,3,0
5766,0,0
5767,1,0
5768,1,0
5769,0,0
5770,3,0
5771,1,0
5772,1,0
5773,1,0
5774,3,0
5775,0,0
5776,2,0
5777,3,0
5778,3,0
5779,3,0
5780,3,0
5781,3,0
5782,3,0
5783,1,0
5784,1,0
5785,0,0
5786,0,0
5787,1,0
5788,0,0
5789,0,0
5790,0,0
5791,0,0
5792,0,0
5793,3,0
5794,3,0
5795,3,0
5796,4,0
5797,1,0
5798,0,0
5799,3,0
5800,0,0
5801,3,0
5802,3,0
5803,3,0
5804,0,0
5805,3,0
5806,3,0
5807,0,0
5808,3,0
5809,4,0
5810,1,0
5811,0,0
5812,3,0
5813,0,0
5814,0,0
5815,1,0
5816,0,0
5817,0,0
5818,0,0
5819,1,0
5820,1,0
5821,0,0
5822,3,0
5823,0,0
5824,0,0
5825,4,0
5826,0,0
5827,3,0
5828,3,0
5829,0,0
5830,0,0
5831,0,0
5832,2,0
5833,3,0
5834,1,0
5835,4,0
5836,0,0
5837,1,0
5838,1,0
5839,0,0
5840,0,0
5841,0,0
5842,4,0
5843,1,0
5844,4,0
5845,3,0
5846,2,0
5847,1,0
5848,3,0
5849,0,0
5850,1,0
5851,3,0
5852,2,0
5853,1,0
5854,3,0
5855,3,0
5856,2,0
5857,2,0
5858,0,0
5859,2,0
5860,2,0
5861,2,0
5862,2,0
5863,2,0
5864,2,0
5865,2,0
5866,3,0
5867,1,0
5868,3,0
5869,1,0
5870,3,0
5871,0,0
5872,4,0
5873,0,0
5874,2,0
5875,1,0
5876,1,0
5877,0,0
5878,2,0
5879,3,0
5880,0,0
5881,0,0
5882,3,0
5883,0,0
5884,0,0
5885,3,0
5886,0,0
5887,0,0
5888,3,0
5889,1,0
5890,3,0
5891,2,0
5892,3,0
5893,0,0
5894,0,0
5895,1,0
5896,0,0
5897,3,0
5898,2,0
5899,3,0
5900,3,0
5901,4,0
5902,3,0
5903,1,0
5904,1,0
5905,1,0
5906,1,0
5907,2,0
5908,0,0
5909,0,0
5910,2,0
5911,3,0
5912,0,0
5913,3,0
5914,4,0
5915,0,0
5916,0,0
5917,3,0
5918,0,0
5919,0,0
5920,0,0
5921,0,0
5922,2,0
5923,2,0
5924,3,0
5925,3,0
5926,3,0
5927,3,0
5928,0,0
5929,2,0
5930,3,0
5931,2,0
5932,2,0
5933,2,0
5934,4,0
5935,1,0
5936,3,0
5937,3,0
5938,0,0
5939,3,0
5940,4,0
5941,0,0
5942,0,0
5943,3,0
5944,0,0
5945,4,0
5946,1,0
5947,3,0
5948,3,0
5949,3,0
5950,2,0
5951,0,0
5952,3,0
5953,0,0
5954,3,0
5955,2,0
5956,3,0
5957,3,0
5958,2,0
5959,2,0
5960,2,0
5961,2,0
5962,0,0
5963,0,0
5964,1,0
5965,0,0
5966,2,0
5967,0,0
5968,0,0
5969,0,0
5970,2,0
5971,1,0
5972,1,0
5973,1,0
5974,1,0
5975,1,0
5976,0,0
5977,0,0
5978,3,0
5979,3,0
5980,2,0
5981,3,0
5982,1,0
5983,3,0
5984,3,0
5985,3,0
5986,0,0
5987,0,0
5988,0,0
5989,0,0
5990,0,0
5991,1,0
5992,3,0
5993,4,0
5994,4,0
5995,0,0
5996,1,0
5997,1,0
5998,2,0
5999,2,0
6000,1,0
6001,1,0
6002,0,0
6003,0,0
6004,3,0
6005,2,0
6006,3,0
6007,2,0
6008,1,0
6009,1,0
6010,1,0
6011,0,0
6012,4,0
6013,4,0
6014,1,0
6015,3,0
6016,2,0
6017,2,0
6018,4,0
6019,3,0
6020,0,0
6021,3,0
6022,0,0
6023,1,0
6024,0,0
6025,0,0
6026,0,0
6027,3,0
6028,0,0
6029,0,0
6030,3,0
6031,3,0
6032,1,0
6033,0,0
6034,1,0
6035,2,0
6036,1,0
6037,1,0
6038,2,0
6039,0,0
6040,0,0
6041,4,0
6042,2,0
6043,1,0
6044,0,0
6045,3,0
6046,1,0
6047,0,0
6048,1,0
6049,1,0
6050,1,0
6051,2,0
6052,0,0
6053,0,0
6054,0,0
6055,1,0
6056,1,0
6057,1,0
6058,1,0
6059,0,0
6060,0,0
6061,0,0
6062,0,0
6063,3,0
6064,3,0
6065,3,0
6066,3,0
6067,1,0
6068,1,0
6069,3,0
6070,1,0
6071,0,0
6072,1,0
6073,4,0
6074,2,0
6075,2,0
6076,2,0
6077,2,0
6078,0,0
6079,1,0
6080,0,0
6081,1,0
6082,3,0
6083,1,0
6084,0,0
6085,2,0
6086,2,0
6087,2,0
6088,2,0
6089,2,0
6090,2,0
6091,1,0
6092,2,0
6093,2,0
6094,2,0
6095,2,0
6096,2,0
6097,2,0
6098,2,0
6099,2,0
6100,2,0
6101,2,0
6102,2,0
6103,2,0
6104,2,0
6105,2,0
6106,2,0
6107,2,0
6108,2,0
6109,2,0
6110,2,0
6111,2,0
6112,2,0
6113,2,0
6114,2,0
6115,2,0
6116,0,0
6117,0,0
6118,0,0
6119,2,0
6120,0,0
6121,0,0
6122,2,0
6123,0,0
6124,3,0
6125,3,0
6126,3,0
6127,3,0
6128,3,0
6129,4,0
6130,4,0
6131,4,0
6132,3,0
6133,1,0
6134,4,0
6135,2,0
6136,1,0
6137,3,0
6138,4,0
6139,3,0
6140,0,0
6141,1,0
6142,4,0
6143,4,0
6144,4,0
6145,4,0
6146,4,0
6147,4,0
6148,0,0
6149,4,0
6150,0,0
6151,4,0
6152,0,0
6153,4,0
6154,4,0
6155,0,0
6156,0,0
6157,3,0
6158,3,0
6159,0,0
6160,3,0
6161,1,0
6162,0,0
6163,0,0
6164,1,0
6165,1,0
6166,4,0
6167,1,0
6168,3,0
6169,0,0
6170,0,0
6171,0,0
6172,0,0
6173,3,0
6174,0,0
6175,3,0
6176,2,0
6177,3,0
6178,1,0
6179,3,0
6180,3,0
6181,0,0
6182,3,0
6183,3,0
6184,0,0
6185,1,0
6186,0,0
6187,4,0
6188,0,0
6189,0,0
6190,0,0
6191,2,0
6192,3,0
6193,1,0
6194,1,0
6195,1,0
6196,0,0
6197,3,0
6198,3,0
6199,3,0
6200,4,0
6201,0,0
6202,1,0
6203,3,0
6204,0,0
6205,3,0
6206,3,0
6207,3,0
6208,1,0
6209,3,0
6210,1,0
6211,1,0
6212,2,0
6213,0,0
6214,0,0
6215,0,0
6216,0,0
6217,3,0
6218,1,0
6219,3,0
6220,1,0
6221,1,0
6222,1,0
6223,4,0
6224,4,0
6225,4,0
6226,3,0
6227,1,0
6228,0,0
6229,2,0
6230,3,0
6231,3,0
6232,3,0
6233,4,0
6234,3,0
6235,3,0
6236,1,0
6237,0,0
6238,3,0
6239,0,0
6240,0,0
6241,0,0
6242,1,0
6243,3,0
6244,0,0
6245,0,0
6246,1,0
6247,0,0
6248,1,0
6249,3,0
6250,0,0
6251,0,0
6252,1,0
6253,2,0
6254,0,0
6255,3,0
6256,0,0
6257,3,0
6258,0,0
6259,0,0
6260,3,0
6261,0,0
6262,4,0
6263,1,0
6264,4,0
6265,4,0
6266,1,0
6267,1,0
6268,0,0
6269,2,0
6270,3,0
6271,1,0
6272,0,0
6273,1,0
6274,4,0
6275,4,0
6276,0,0
6277,3,0
6278,1,0
6279,2,0
6280,3,0
6281,0,0
6282,3,0
6283,4,0
6284,2,0
6285,3,0
6286,3,0
6287,4,0
6288,1,0
6289,4,0
6290,3,0
6291,0,0
6292,0,0
6293,1,0
6294,1,0
6295,0,0
6296,1,0
6297,1,0
6298,1,0
6299,1,0
6300,1,0
6301,0,0
6302,2,0
6303,1,0
6304,1,0
6305,2,0
6306,2,0
6307,0,0
6308,0,0
6309,1,0
6310,4,0
6311,0,0
6312,0,0
6313,0,0
6314,1,0
6315,1,0
6316,1,0
6317,0,0
6318,1,0
6319,0,0
6320,0,0
6321,4,0
6322,2,0
6323,4,0
6324,0,0
6325,0,0
6326,0,0
6327,1,0
6328,3,0
6329,4,0
6330,2,0
6331,4,0
6332,3,0
6333,1,0
6334,3,0
6335,0,0
6336,1,0
6337,3,0
6338,3,0
6339,3,0
6340,3,0
6341,4,0
6342,3,0
6343,0,0
6344,3,0
6345,3,0
6346,2,0
6347,0,0
6348,2,0
6349,0,0
6350,0,0
6351,0,0
6352,1,0
6353,3,0
6354,0,0
6355,1,0
6356,1,0
6357,1,0
6358,1,0
6359,1,0
6360,3,0
6361,0,0
6362,1,0
6363,0,0
6364,3,0
6365,0,0
6366,3,0
6367,4,0
6368,3,0
6369,3,0
6370,1,0
6371,1,0
6372,0,0
6373,0,0
6374,2,0
6375,0,0
6376,0,0
6377,3,0
6378,3,0
6379,3,0
6380,0,0
6381,1,0
6382,1,0
6383,0,0
6384,0,0
6385,0,0
6386,3,0
6387,3,0
6388,0,0
6389,0,0
6390,0,0
6391,1,0
6392,0,0
6393,3,0
6394,1,0
6395,4,0
6396,0,0
6397,1,0
6398,1,0
6399,0,0
6400,4,0
6401,4,0
6402,4,0
6403,1,0
6404,0,0
6405,0,0
6406,3,0
6407,3,0
6408,3,0
6409,0,0
6410,1,0
6411,4,0
6412,0,0
6413,1,0
6414,0,0
6415,3,0
6416,0,0
6417,3,0
6418,3,0
6419,3,0
6420,1,0
6421,1,0
6422,0,0
6423,1,0
6424,1,0
6425,1,0
6426,1,0
6427,0,0
6428,4,0
6429,3,0
6430,0,0
6431,1,0
6432,4,0
6433,0,0
6434,0,0
6435,2,0
6436,0,0
6437,2,0
6438,0,0
6439,4,0
6440,2,0
6441,0,0
6442,2,0
6443,3,0
6444,3,0
6445,1,0
6446,0,0
6447,3,0
6448,0,0
6449,4,0
6450,0,0
6451,4,0
6452,0,0
6453,3,0
6454,0,0
6455,0,0
6456,0,0
6457,0,0
6458,1,0
6459,3,0
6460,4,0
6461,4,0
6462,4,0
6463,4,0
6464,0,0
6465,0,0
6466,0,0
6467,0,0
6468,3,0
6469,3,0
6470,0,0
6471,1,0
6472,0,0
6473,1,0
6474,2,0
6475,3,0
6476,3,0
6477,3,0
6478,2,0
6479,4,0
6480,1,0
6481,1,0
6482,1,0
6483,0,0
6484,0,0
6485,3,0
6486,1,0
6487,1,0
6488,3,0
6489,3,0
6490,3,0
6491,3,0
6492,0,0
6493,3,0
6494,4,0
6495,4,0
6496,3,0
6497,3,0
6498,1,0
6499,1,0
6500,2,0
6501,3,0
6502,1,0
6503,3,0
6504,3,0
6505,0,0
6506,1,0
6507,1,0
6508,0,0
6509,1,0
6510,3,0
6511,3,0
6512,1,0
6513,4,0
6514,3,0
6515,3,0
6516,4,0
6517,3,0
6518,0,0
6519,2,0
6520,4,0
6521,0,0
6522,1,0
6523,3,0
6524,0,0
6525,4,0
6526,3,0
6527,0,0
6528,3,0
6529,4,0
6530,4,0
6531,3,0
6532,3,0
6533,1,0
6534,0,0
6535,3,0
6536,0,0
6537,0,0
6538,0,0
6539,0,0
6540,4,0
6541,4,0
6542,4,0
6543,1,0
6544,0,0
6545,0,0
6546,0,0
6547,3,0
6548,1,0
6549,0,0
6550,1,0
6551,3,0
6552,3,0
6553,2,0
6554,3,0
6555,3,0
6556,2,0
6557,0,0
6558,3,0
6559,1,0
6560,3,0
6561,3,0
6562,0,0
6563,0,0
6564,3,0
6565,3,0
6566,1,0
6567,1,0
6568,1,0
6569,0,0
6570,0,0
6571,3,0
6572,3,0
6573,4,0
6574,0,0
6575,1,0
6576,1,0
6577,3,0
6578,0,0
6579,0,0
6580,3,0
6581,0,0
6582,4,0
6583,0,0
6584,0,0
6585,4,0
6586,1,0
6587,3,0
6588,0,0
6589,1,0
6590,1,0
6591,3,0
6592,1,0
6593,0,0
6594,3,0
6595,3,0
6596,3,0
6597,3,0
6598,1,0
6599,1,0
6600,1,0
6601,1,0
6602,1,0
6603,3,0
6604,1,0
6605,1,0
6606,1,0
6607,1,0
6608,1,0
6609,3,0
6610,3,0
6611,1,0
6612,1,0
6613,2,0
6614,4,0
6615,1,0
6616,3,0
6617,2,0
6618,3,0
6619,3,0
6620,1,0
6621,3,0
6622,1,0
6623,2,0
6624,0,0
6625,2,0
6626,2,0
6627,2,0
6628,3,0
6629,3,0
6630,1,0
6631,3,0
6632,3,0
6633,3,0
6634,1,0
6635,4,0
6636,3,0
6637,3,0
6638,0,0
6639,2,0
6640,0,0
6641,0,0
6642,2,0
6643,2,0
6644,2,0
6645,2,0
6646,2,0
6647,0,0
6648,2,0
6649,2,0
6650,1,0
6651,2,0
6652,2,0
6653,2,0
6654,2,0
6655,0,0
6656,2,0
6657,2,0
6658,3,0
6659,0,0
6660,2,0
6661,2,0
6662,0,0
6663,3,0
6664,0,0
6665,0,0
6666,0,0
6667,3,0
6668,0,0
6669,0,0
6670,0,0
6671,2,0
6672,2,0
6673,0,0
6674,0,0
6675,0,0
6676,4,0
6677,4,0
6678,4,0
6679,3,0
6680,4,0
6681,2,0
6682,4,0
6683,4,0
6684,3,0
6685,4,0
6686,0,0
6687,0,0
6688,1,0
6689,0,0
6690,1,0
6691,0,0
6692,1,0
6693,3,0
6694,0,0
6695,2,0
6696,1,0
6697,3,0
6698,1,0
6699,3,0
6700,4,0
6701,0,0
6702,2,0
6703,1,0
6704,3,0
6705,1,0
6706,1,0
6707,3,0
6708,0,0
6709,0,0
6710,3,0
6711,0,0
6712,1,0
6713,1,0
6714,1,0
6715,4,0
6716,1,0
6717,3,0
6718,0,0
6719,1,0
6720,0,0
6721,0,0
6722,1,0
6723,0,0
6724,0,0
6725,1,0
6726,0,0
6727,3,0
6728,1,0
6729,3,0
6730,1,0
6731,0,0
6732,1,0
6733,1,0
6734,3,0
6735,3,0
6736,0,0
6737,3,0
6738,2,0
6739,3,0
6740,1,0
6741,4,0
6742,1,0
6743,0,0
6744,0,0
6745,2,0
6746,0,0
6747,4,0
6748,4,0
6749,1,0
6750,0,0
6751,0,0
6752,1,0
6753,4,0
6754,3,0
6755,0,0
6756,4,0
6757,1,0
6758,1,0
6759,1,0
6760,4,0
6761,0,0
6762,3,0
6763,3,0
6764,1,0
6765,3,0
6766,1,0
6767,1,0
6768,1,0
6769,1,0
6770,2,0
6771,0,0
6772,0,0
6773,4,0
6774,0,0
6775,0,0
6776,4,0
6777,0,0
6778,4,0
6779,4,0
6780,0,0
6781,2,0
6782,2,0
6783,2,0
6784,0,0
6785,3,0
6786,0,0
6787,4,0
6788,0,0
6789,1,0
6790,1,0
6791,1,0
6792,3,0
6793,1,0
6794,0,0
6795,0,0
6796,0,0
6797,0,0
6798,1,0
6799,0,0
6800,3,0
6801,3,0
6802,0,0
6803,1,0
6804,1,0
6805,3,0
6806,0,0
6807,0,0
6808,1,0
6809,3,0
6810,1,0
6811,0,0
6812,4,0
6813,3,0
6814,0,0
6815,1,0
6816,1,0
6817,0,0
6818,0,0
6819,3,0
6820,0,0
6821,4,0
6822,1,0
6823,3,0
6824,1,0
6825,0,0
6826,1,0
6827,0,0
6828,1,0
6829,1,0
6830,3,0
6831,0,0
6832,3,0
6833,1,0
6834,3,0
6835,3,0
6836,3,0
6837,3,0
6838,3,0
6839,0,0
6840,3,0
6841,3,0
6842,4,0
6843,3,0
6844,1,0
6845,2,0
6846,3,0
6847,3,0
6848,3,0
6849,3,0
6850,1,0
6851,1,0
6852,2,0
6853,1,0
6854,1,0
6855,4,0
6856,4,0
6857,1,0
6858,3,0
6859,3,0
6860,1,0
6861,4,0
6862,3,0
6863,1,0
6864,2,0
6865,1,0
6866,4,0
6867,1,0
6868,3,0
6869,3,0
6870,1,0
6871,4,0
6872,1,0
6873,0,0
6874,3,0
6875,0,0
6876,0,0
6877,3,0
6878,1,0
6879,1,0
6880,2,0
6881,3,0
6882,1,0
6883,1,0
6884,1,0
6885,3,0
6886,4,0
6887,1,0
6888,3,0
6889,3,0
6890,3,0
6891,3,0
6892,3,0
6893,0,0
6894,1,0
6895,0,0
6896,3,0
6897,3,0
6898,2,0
6899,2,0
6900,2,0
6901,2,0
6902,0,0
6903,2,0
6904,0,0
6905,1,0
6906,3,0
6907,1,0
6908,3,0
6909,0,0
6910,0,0
6911,0,0
6912,0,0
6913,3,0
6914,0,0
6915,0,0
6916,3,0
6917,3,0
6918,1,0
6919,0,0
6920,0,0
6921,1,0
6922,0,0
6923,1,0
6924,1,0
6925,1,0
6926,1,0
6927,0,0
6928,0,0
6929,1,0
6930,2,0
6931,0,0
6932,4,0
6933,4,0
6934,3,0
6935,1,0
6936,1,0
6937,0,0
6938,3,0
6939,3,0
6940,0,0
6941,3,0
6942,4,0
6943,3,0
6944,1,0
6945,1,0
6946,1,0
6947,2,0
6948,3,0
6949,3,0
6950,2,0
6951,3,0
6952,3,0
6953,2,0
6954,3,0
6955,3,0
6956,1,0
6957,3,0
6958,1,0
6959,1,0
6960,3,0
6961,0,0
6962,0,0
6963,1,0
6964,3,0
6965,3,0
6966,1,0
6967,2,0
6968,4,0
6969,0,0
6970,3,0
6971,0,0
6972,4,0
6973,4,0
6974,0,0
6975,0,0
6976,0,0
6977,0,0
6978,3,0
6979,3,0
6980,2,0
6981,0,0
6982,0,0
6983,3,0
6984,1,0
6985,1,0
6986,1,0
6987,3,0
6988,2,0
6989,2,0
6990,1,0
6991,4,0
6992,1,0
6993,2,0
6994,2,0
6995,0,0
6996,0,0
6997,0,0
6998,3,0
6999,0,0
7000,3,0
7001,3,0
7002,3,0
7003,0,0
7004,0,0
7005,1,0
7006,1,0
7007,0,0
7008,0,0
7009,0,0
7010,3,0
7011,0,0
7012,0,0
7013,0,0
7014,1,0
7015,0,0
7016,2,0
7017,0,0
7018,3,0
7019,1,0
7020,1,0
7021,3,0
7022,3,0
7023,0,0
7024,4,0
7025,0,0
7026,3,0
7027,1,0
7028,1,0
7029,0,0
7030,3,0
7031,1,0
7032,1,0
7033,1,0
7034,1,0
7035,1,0
7036,0,0
7037,0,0
7038,1,0
7039,3,0
7040,0,0
7041,2,0
7042,2,0
7043,1,0
7044,1,0
7045,2,0
7046,1,0
7047,2,0
7048,0,0
7049,0,0
7050,0,0
7051,0,0
7052,0,0
7053,3,0
7054,1,0
7055,3,0
7056,0,0
7057,2,0
7058,1,0
7059,0,0
7060,1,0
7061,0,0
7062,0,0
7063,0,0
7064,2,0
7065,0,0
7066,1,0
7067,1,0
7068,4,0
7069,4,0
7070,1,0
7071,0,0
7072,0,0
7073,0,0
7074,0,0
7075,0,0
7076,0,0
7077,1,0
7078,0,0
7079,1,0
7080,1,0
7081,4,0
7082,1,0
7083,1,0
7084,1,0
7085,1,0
7086,1,0
7087,1,0
7088,0,0
7089,0,0
7090,0,0
7091,2,0
7092,0,0
7093,1,0
7094,2,0
7095,2,0
7096,0,0
7097,0,0
7098,0,0
7099,2,0
7100,0,0
7101,2,0
7102,0,0
7103,0,0
7104,2,0
7105,0,0
7106,1,0
7107,2,0
7108,3,0
7109,3,0
7110,0,0
7111,3,0
7112,3,0
7113,4,0
7114,1,0
7115,1,0
7116,1,0
7117,3,0
7118,3,0
7119,3,0
7120,3,0
7121,3,0
7122,3,0
7123,2,0
7124,0,0
7125,1,0
7126,0,0
7127,3,0
7128,1,0
7129,3,0
7130,2,0
7131,3,0
7132,1,0
7133,1,0
7134,3,0
7135,3,0
7136,0,0
7137,0,0
7138,1,0
7139,1,0
7140,1,0
7141,0,0
7142,0,0
7143,1,0
7144,0,0
7145,0,0
7146,1,0
7147,1,0
7148,1,0
7149,1,0
7150,0,0
7151,3,0
7152,4,0
7153,4,0
7154,4,0
7155,4,0
7156,3,0
7157,3,0
7158,3,0
7159,4,0
7160,4,0
7161,2,0
7162,3,0
7163,0,0
7164,1,0
7165,1,0
7166,1,0
7167,3,0
7168,3,0
7169,1,0
7170,3,0
7171,3,0
7172,0,0
7173,1,0
7174,4,0
7175,3,0
7176,1,0
7177,3,0
7178,0,0
7179,4,0
7180,1,0
7181,1,0
7182,3,0
7183,0,0
7184,0,0
7185,3,0
7186,1,0
7187,0,0
7188,4,0
7189,4,0
7190,4,0
7191,3,0
7192,0,0
7193,3,0
7194,4,0
7195,4,0
7196,2,0
7197,0,0
7198,3,0
7199,3,0
7200,1,0
7201,3,0
7202,3,0
7203,0,0
7204,4,0
7205,3,0
7206,4,0
7207,3,0
7208,2,0
7209,3,0
7210,4,0
7211,3,0
7212,1,0
7213,0,0
7214,1,0
7215,1,0
7216,4,0
7217,1,0
7218,1,0
7219,1,0
7220,0,0
7221,3,0
7222,0,0
7223,3,0
7224,3,0
7225,0,0
7226,1,0
7227,3,0
7228,0,0
7229,3,0
7230,3,0
7231,0,0
7232,1,0
7233,4,0
7234,3,0
7235,3,0
7236,3,0
7237,3,0
7238,2,0
7239,3,0
7240,1,0
7241,4,0
7242,3,0
7243,0,0
7244,1,0
7245,1,0
7246,1,0
7247,1,0
7248,4,0
7249,1,0
7250,4,0
7251,4,0
7252,0,0
7253,0,0
7254,1,0
7255,3,0
7256,0,0
7257,1,0
7258,3,0
7259,3,0
7260,3,0
7261,3,0
7262,2,0
7263,0,0
7264,3,0
7265,0,0
7266,0,0
7267,3,0
7268,4,0
7269,3,0
7270,0,0
7271,2,0
7272,3,0
7273,1,0
7274,3,0
7275,0,0
7276,0,0
7277,3,0
7278,3,0
7279,0,0
7280,4,0
7281,4,0
7282,4,0
7283,0,0
7284,4,0
7285,1,0
7286,3,0
7287,3,0
7288,0,0
7289,3,0
7290,4,0
7291,1,0
7292,0,0
7293,4,0
7294,0,0
7295,1,0
7296,3,0
7297,0,0
7298,3,0
7299,3,0
7300,1,0
7301,3,0
7302,0,0
7303,0,0
7304,3,0
7305,1,0
7306,3,0
7307,0,0
7308,1,0
7309,2,0
7310,3,0
7311,3,0
7312,0,0
7313,0,0
7314,3,0
7315,0,0
7316,3,0
7317,0,0
7318,1,0
7319,1,0
7320,4,0
7321,2,0
7322,3,0
7323,3,0
7324,2,0
7325,2,0
7326,2,0
7327,3,0
7328,1,0
7329,3,0
7330,0,0
7331,4,0
7332,2,0
7333,1,0
7334,3,0
7335,3,0
7336,3,0
7337,4,0
7338,3,0
7339,2,0
7340,3,0
7341,3,0
7342,2,0
7343,2,0
7344,0,0
7345,0,0
7346,0,0
7347,4,0
7348,0,0
7349,1,0
7350,4,0
7351,4,0
7352,2,0
7353,1,0
7354,2,0
7355,3,0
7356,3,0
7357,0,0
7358,0,0
7359,0,0
7360,0,0
7361,1,0
7362,0,0
7363,1,0
7364,0,0
7365,0,0
7366,2,0
7367,0,0
7368,0,0
7369,0,0
7370,0,0
7371,1,0
7372,3,0
7373,0,0
7374,0,0
7375,3,0
7376,2,0
7377,1,0
7378,1,0
7379,1,0
7380,1,0
7381,3,0
7382,1,0
7383,3,0
7384,1,0
7385,1,0
7386,3,0
7387,2,0
7388,3,0
7389,0,0
7390,1,0
7391,3,0
7392,1,0
7393,0,0
7394,0,0
7395,0,0
7396,1,0
7397,0,0
7398,1,0
7399,1,0
7400,2,0
7401,0,0
7402,2,0
7403,0,0
7404,4,0
7405,0,0
7406,4,0
7407,2,0
7408,2,0
7409,3,0
7410,0,0
7411,1,0
7412,3,0
7413,0,0
7414,3,0
7415,0,0
7416,1,0
7417,3,0
7418,1,0
7419,0,0
7420,0,0
7421,4,0
7422,4,0
7423,1,0
7424,4,0
7425,1,0
7426,3,0
7427,1,0
7428,3,0
7429,0,0
7430,2,0
7431,0,0
7432,0,0
7433,3,0
7434,3,0
7435,1,0
7436,1,0
7437,3,0
7438,0,0
7439,4,0
7440,4,0
7441,0,0
7442,1,0
7443,1,0
7444,1,0
7445,0,0
7446,1,0
7447,4,0
7448,1,0
7449,0,0
7450,3,0
7451,1,0
7452,0,0
7453,3,0
7454,3,0
7455,3,0
7456,1,0
7457,1,0
7458,4,0
7459,3,0
7460,0,0
7461,1,0
7462,4,0
7463,4,0
7464,1,0
7465,3,0
7466,0,0
7467,2,0
7468,4,0
7469,2,0
7470,0,0
7471,0,0
7472,2,0
7473,0,0
7474,0,0
7475,0,0
7476,2,0
7477,3,0
7478,0,0
7479,2,0
7480,3,0
7481,3,0
7482,1,0
7483,1,0
7484,1,0
7485,0,0
7486,2,0
7487,1,0
7488,3,0
7489,2,0
7490,1,0
7491,3,0
7492,2,0
7493,4,0
7494,3,0
7495,3,0
7496,2,0
7497,2,0
7498,1,0
7499,4,0
7500,4,0
7501,0,0
7502,0,0
7503,0,0
7504,0,0
7505,4,0
7506,3,0
7507,4,0
7508,1,0
7509,0,0
7510,1,0
7511,1,0
7512,0,0
7513,3,0
7514,1,0
7515,4,0
7516,3,0
7517,1,0
7518,3,0
7519,3,0
7520,0,0
7521,0,0
7522,1,0
7523,0,0
7524,0,0
7525,1,0
7526,1,0
7527,4,0
7528,3,0
7529,1,0
7530,1,0
7531,0,0
7532,3,0
7533,3,0
7534,3,0
7535,1,0
7536,0,0
7537,0,0
7538,0,0
7539,0,0
7540,0,0
7541,2,0
7542,0,0
7543,3,0
7544,3,0
7545,0,0
7546,3,0
7547,2,0
7548,1,0
7549,1,0
7550,1,0
7551,1,0
7552,0,0
7553,1,0
7554,3,0
7555,4,0
7556,0,0
7557,1,0
7558,4,0
7559,3,0
7560,3,0
7561,3,0
7562,3,0
7563,2,0
7564,1,0
7565,4,0
7566,0,0
7567,4,0
7568,3,0
7569,0,0
7570,0,0
7571,1,0
7572,0,0
7573,4,0
7574,4,0
7575,0,0
7576,1,0
7577,1,0
7578,3,0
7579,1,0
7580,1,0
7581,0,0
7582,0,0
7583,1,0
7584,0,0
7585,0,0
7586,0,0
7587,3,0
7588,0,0
7589,1,0
7590,3,0
7591,0,0
7592,1,0
7593,0,0
7594,1,0
7595,0,0
7596,0,0
7597,4,0
7598,0,0
7599,4,0
7600,1,0
7601,0,0
7602,3,0
7603,3,0
7604,1,0
7605,0,0
7606,0,0
7607,3,0
7608,3,0
7609,3,0
7610,0,0
7611,3,0
7612,3,0
7613,0,0
7614,0,0
7615,0,0
7616,3,0
7617,1,0
7618,4,0
7619,4,0
7620,1,0
7621,1,0
7622,1,0
7623,4,0
7624,3,0
7625,1,0
7626,0,0
7627,4,0
7628,1,0
7629,4,0
7630,3,0
7631,0,0
7632,2,0
7633,0,0
7634,0,0
7635,2,0
7636,1,0
7637,3,0
7638,3,0
7639,1,0
7640,3,0
7641,3,0
7642,3,0
7643,3,0
7644,2,0
7645,1,0
7646,3,0
7647,3,0
7648,3,0
7649,4,0
7650,3,0
7651,3,0
7652,3,0
7653,2,0
7654,1,0
7655,1,0
7656,3,0
7657,3,0
7658,1,0
7659,0,0
7660,1,0
7661,3,0
7662,3,0
7663,1,0
7664,2,0
7665,0,0
7666,1,0
7667,1,0
7668,3,0
7669,3,0
7670,3,0
7671,3,0
7672,0,0
7673,1,0
7674,2,0
7675,1,0
7676,1,0
7677,3,0
7678,1,0
7679,1,0
7680,3,0
7681,1,0
7682,1,0
7683,3,0
7684,0,0
7685,1,0
7686,1,0
7687,0,0
7688,1,0
7689,0,0
7690,1,0
7691,3,0
7692,2,0
7693,3,0
7694,3,0
7695,0,0
7696,3,0
7697,4,0
7698,1,0
7699,3,0
7700,1,0
7701,1,0
7702,1,0
7703,1,0
7704,0,0
7705,3,0
7706,3,0
7707,0,0
7708,3,0
7709,3,0
7710,1,0
7711,3,0
7712,3,0
7713,1,0
7714,0,0
7715,3,0
7716,3,0
7717,4,0
7718,1,0
7719,0,0
7720,0,0
7721,3,0
7722,3,0
7723,1,0
7724,3,0
7725,3,0
7726,3,0
7727,1,0
7728,4,0
7729,0,0
7730,3,0
7731,0,0
7732,4,0
7733,4,0
7734,2,0
7735,1,0
7736,3,0
7737,3,0
7738,4,0
7739,1,0
7740,1,0
7741,3,0
7742,3,0
7743,3,0
7744,0,0
7745,0,0
7746,0,0
7747,0,0
7748,0,0
7749,2,0
7750,2,0
7751,3,0
7752,2,0
7753,1,0
7754,0,0
7755,3,0
7756,0,0
7757,0,0
7758,2,0
7759,0,0
7760,3,0
7761,1,0
7762,1,0
7763,3,0
7764,1,0
7765,2,0
7766,1,0
7767,1,0
7768,1,0
7769,3,0
7770,0,0
7771,0,0
7772,3,0
7773,4,0
7774,4,0
7775,4,0
7776,1,0
7777,1,0
7778,3,0
7779,2,0
7780,1,0
7781,3,0
7782,1,0
7783,4,0
7784,4,0
7785,0,0
7786,0,0
7787,1,0
7788,1,0
7789,1,0
7790,0,0
7791,3,0
7792,4,0
7793,4,0
7794,3,0
7795,4,0
7796,2,0
7797,0,0
7798,4,0
7799,4,0
7800,4,0
7801,0,0
7802,0,0
7803,0,0
7804,4,0
7805,0,0
7806,1,0
7807,4,0
7808,0,0
7809,0,0
7810,0,0
7811,3,0
7812,0,0
7813,0,0
7814,0,0
7815,1,0
7816,0,0
7817,0,0
7818,0,0
7819,3,0
7820,2,0
7821,0,0
7822,0,0
7823,0,0
7824,0,0
7825,3,0
7826,0,0
7827,1,0
7828,1,0
7829,1,0
7830,0,0
7831,2,0
7832,0,0
7833,2,0
7834,1,0
7835,4,0
7836,1,0
7837,1,0
7838,4,0
7839,1,0
7840,4,0
7841,0,0
7842,1,0
7843,0,0
7844,1,0
7845,1,0
7846,1,0
7847,0,0
7848,3,0
7849,1,0
7850,0,0
7851,0,0
7852,1,0
7853,1,0
7854,1,0
7855,1,0
7856,1,0
7857,1,0
7858,2,0
7859,0,0
7860,4,0
7861,1,0
7862,2,0
7863,2,0
7864,1,0
7865,1,0
7866,4,0
7867,3,0
7868,3,0
7869,0,0
7870,0,0
7871,4,0
7872,1,0
7873,4,0
7874,2,0
7875,0,0
7876,1,0
7877,1,0
7878,2,0
7879,1,0
7880,0,0
7881,2,0
7882,1,0
7883,0,0
7884,0,0
7885,0,0
7886,3,0
7887,0,0
7888,0,0
7889,1,0
7890,2,0
7891,0,0
7892,0,0
7893,0,0
7894,1,0
7895,1,0
7896,4,0
7897,0,0
7898,2,0
7899,3,0
7900,4,0
7901,1,0
7902,3,0
7903,1,0
7904,0,0
7905,3,0
7906,3,0
7907,3,0
7908,2,0
7909,1,0
7910,0,0
7911,0,0
7912,1,0
7913,0,0
7914,0,0
7915,1,0
7916,2,0
7917,2,0
7918,0,0
7919,0,0
7920,2,0
7921,1,0
7922,1,0
7923,3,0
7924,4,0
7925,3,0
7926,4,0
7927,1,0
7928,3,0
7929,1,0
7930,2,0
7931,2,0
7932,3,0
7933,1,0
7934,3,0
7935,0,0
7936,3,0
7937,3,0
7938,1,0
7939,1,0
7940,0,0
7941,0,0
7942,3,0
7943,2,0
7944,0,0
7945,1,0
7946,2,0
7947,3,0
7948,0,0
7949,0,0
7950,0,0
7951,4,0
7952,1,0
7953,1,0
7954,1,0
7955,3,0
7956,0,0
7957,1,0
7958,0,0
7959,3,0
7960,3,0
7961,4,0
7962,3,0
7963,0,0
7964,0,0
7965,0,0
7966,0,0
7967,0,0
7968,0,0
7969,3,0
7970,2,0
7971,1,0
7972,1,0
7973,0,0
7974,0,0
7975,1,0
7976,3,0
7977,3,0
7978,2,0
7979,0,0
7980,4,0
7981,0,0
7982,1,0
7983,3,0
7984,1,0
7985,2,0
7986,4,0
7987,4,0
7988,4,0
7989,0,0
7990,3,0
7991,1,0
7992,1,0
7993,0,0
7994,0,0
7995,4,0
7996,0,0
7997,4,0
7998,4,0
7999,3,0
8000,1,0
8001,1,0
8002,1,0
8003,0,0
8004,0,0
8005,3,0
8006,0,0
8007,3,0
8008,2,0
8009,0,0
8010,1,0
8011,0,0
8012,1,0
8013,1,0
8014,3,0
8015,1,0
8016,3,0
8017,3,0
8018,0,0
8019,3,0
8020,3,0
8021,3,0
8022,3,0
8023,3,0
8024,0,0
8025,0,0
8026,0,0
8027,3,0
8028,1,0
8029,1,0
8030,2,0
8031,0,0
8032,0,0
8033,0,0
8034,2,0
8035,0,0
8036,0,0
8037,3,0
8038,2,0
8039,2,0
8040,3,0
8041,4,0
8042,3,0
8043,3,0
8044,1,0
8045,1,0
8046,4,0
8047,0,0
8048,0,0
8049,0,0
8050,0,0
8051,3,0
8052,4,0
8053,0,0
8054,0,0
8055,3,0
8056,0,0
8057,0,0
8058,0,0
8059,3,0
8060,1,0
8061,4,0
8062,0,0
8063,3,0
8064,3,0
8065,2,0
8066,0,0
8067,3,0
8068,3,0
8069,3,0
8070,1,0
8071,1,0
8072,0,0
8073,3,0
8074,1,0
8075,1,0
8076,1,0
8077,0,0
8078,0,0
8079,1,0
8080,2,0
8081,4,0
8082,3,0
8083,1,0
8084,0,0
8085,3,0
8086,3,0
8087,1,0
8088,0,0
8089,0,0
8090,0,0
8091,3,0
8092,1,0
8093,3,0
8094,2,0
8095,2,0
8096,0,0
8097,2,0
8098,1,0
8099,1,0
8100,0,0
8101,0,0
8102,1,0
8103,1,0
8104,1,0
8105,0,0
8106,4,0
8107,3,0
8108,3,0
8109,3,0
8110,3,0
8111,1,0
8112,4,0
8113,3,0
8114,0,0
8115,0,0
8116,3,0
8117,2,0
8118,0,0
8119,1,0
8120,3,0
8121,0,0
8122,3,0
8123,0,0
8124,0,0
8125,2,0
8126,1,0
8127,1,0
8128,0,0
8129,3,0
8130,2,0
8131,2,0
8132,0,0
8133,1,0
8134,1,0
8135,3,0
8136,0,0
8137,3,0
8138,3,0
8139,4,0
8140,1,0
8141,3,0
8142,1,0
8143,0,0
8144,0,0
8145,1,0
8146,0,0
8147,2,0
8148,1,0
8149,2,0
8150,0,0
8151,1,0
8152,0,0
8153,0,0
8154,1,0
8155,3,0
8156,0,0
8157,1,0
8158,3,0
8159,4,0
8160,4,0
8161,0,0
8162,0,0
8163,1,0
8164,3,0
8165,0,0
8166,3,0
8167,1,0
8168,0,0
8169,3,0
8170,3,0
8171,1,0
8172,4,0
8173,0,0
8174,0,0
8175,0,0
8176,2,0
8177,3,0
8178,0,0
8179,1,0
8180,1,0
8181,4,0
8182,0,0
8183,2,0
8184,0,0
8185,0,0
8186,0,0
8187,1,0
8188,3,0
8189,4,0
8190,0,0
8191,1,0
8192,3,0
8193,3,0
8194,1,0
8195,2,0
8196,0,0
8197,0,0
8198,0,0
8199,3,0
8200,2,0
8201,1,0
8202,1,0
8203,1,0
8204,0,0
8205,0,0
8206,0,0
8207,4,0
8208,1,0
8209,3,0
8210,1,0
8211,1,0
8212,2,0
8213,1,0
8214,0,0
8215,3,0
8216,2,0
8217,0,0
8218,1,0
8219,0,0
8220,2,0
8221,0,0
8222,2,0
8223,2,0
8224,2,0
8225,2,0
8226,0,0
8227,1,0
8228,4,0
8229,4,0
8230,0,0
8231,4,0
8232,0,0
8233,4,0
8234,4,0
8235,0,0
8236,3,0
8237,3,0
8238,3,0
8239,2,0
8240,0,0
8241,0,0
8242,0,0
8243,0,0
8244,0,0
8245,1,0
8246,1,0
8247,2,0
8248,0,0
8249,1,0
8250,2,0
8251,3,0
8252,2,0
8253,4,0
8254,1,0
8255,1,0
8256,3,0
8257,1,0
8258,1,0
8259,1,0
8260,0,0
8261,2,0
8262,3,0
8263,1,0
8264,4,0
8265,4,0
8266,0,0
8267,4,0
8268,3,0
8269,1,0
8270,1,0
8271,3,0
8272,0,0
8273,3,0
8274,0,0
8275,3,0
8276,0,0
8277,2,0
8278,3,0
8279,0,0
8280,2,0
8281,3,0
8282,3,0
8283,0,0
8284,3,0
8285,4,0
8286,1,0
8287,3,0
8288,0,0
8289,3,0
8290,1,0
8291,1,0
8292,3,0
8293,0,0
8294,0,0
8295,3,0
8296,3,0
8297,1,0
8298,0,0
8299,3,0
8300,3,0
8301,0,0
8302,3,0
8303,3,0
8304,4,0
8305,4,0
8306,3,0
8307,3,0
8308,3,0
8309,0,0
8310,3,0
8311,3,0
8312,2,0
8313,0,0
8314,3,0
8315,2,0
8316,3,0
8317,1,0
8318,0,0
8319,2,0
8320,3,0
8321,1,0
8322,3,0
8323,3,0
8324,3,0
8325,0,0
8326,1,0
8327,3,0
8328,3,0
8329,1,0
8330,4,0
8331,4,0
8332,0,0
8333,3,0
8334,0,0
8335,2,0
8336,0,0
8337,4,0
8338,4,0
8339,0,0
8340,0,0
8341,0,0
8342,0,0
8343,3,0
8344,3,0
8345,3,0
8346,4,0
8347,3,0
8348,2,0
8349,2,0
8350,0,0
8351,1,0
8352,2,0
8353,1,0
8354,1,0
8355,1,0
8356,3,0
8357,0,0
8358,1,0
8359,0,0
8360,0,0
8361,0,0
8362,3,0
8363,1,0
8364,0,0
8365,1,0
8366,4,0
8367,4,0
8368,1,0
8369,3,0
8370,0,0
8371,3,0
8372,3,0
8373,1,0
8374,1,0
8375,0,0
8376,2,0
8377,1,0
8378,1,0
8379,3,0
8380,2,0
8381,4,0
8382,4,0
8383,0,0
8384,2,0
8385,3,0
8386,1,0
8387,2,0
8388,2,0
8389,1,0
8390,0,0
8391,4,0
8392,0,0
8393,0,0
8394,1,0
8395,1,0
8396,0,0
8397,3,0
8398,1,0
8399,1,0
8400,1,0
8401,0,0
8402,0,0
8403,3,0
8404,3,0
8405,3,0
8406,0,0
8407,0,0
8408,0,0
8409,3,0
8410,0,0
8411,2,0
8412,2,0
8413,3,0
8414,3,0
8415,0,0
8416,0,0
8417,2,0
8418,3,0
8419,1,0
8420,0,0
8421,4,0
8422,1,0
8423,1,0
8424,3,0
8425,0,0
8426,1,0
8427,1,0
8428,0,0
8429,1,0
8430,0,0
8431,0,0
8432,1,0
8433,1,0
8434,2,0
8435,0,0
8436,3,0
8437,1,0
8438,0,0
8439,3,0
8440,1,0
8441,0,0
8442,1,0
8443,1,0
8444,1,0
8445,1,0
8446,3,0
8447,4,0
8448,1,0
8449,1,0
8450,2,0
8451,0,0
8452,2,0
8453,1,0
8454,0,0
8455,3,0
8456,1,0
8457,4,0
8458,1,0
8459,0,0
8460,4,0
8461,1,0
8462,0,0
8463,1,0
8464,1,0
8465,2,0
8466,3,0
8467,1,0
8468,3,0
8469,1,0
8470,3,0
8471,4,0
8472,3,0
8473,3,0
8474,0,0
8475,3,0
8476,1,0
8477,1,0
8478,1,0
8479,3,0
8480,0,0
8481,0,0
8482,3,0
8483,1,0
8484,2,0
8485,3,0
8486,3,0
8487,0,0
8488,1,0
8489,3,0
8490,1,0
8491,3,0
8492,0,0
8493,4,0
8494,2,0
8495,0,0
8496,2,0
8497,0,0
8498,0,0
8499,1,0
8500,0,0
8501,3,0
8502,4,0
8503,1,0
8504,3,0
8505,3,0
8506,4,0
8507,2,0
8508,1,0
8509,3,0
8510,0,0
8511,3,0
8512,3,0
8513,0,0
8514,3,0
8515,1,0
8516,4,0
8517,1,0
8518,2,0
8519,0,0
8520,3,0
8521,1,0
8522,1,0
8523,1,0
8524,0,0
8525,0,0
8526,1,0
8527,4,0
8528,1,0
8529,2,0
8530,3,0
8531,0,0
8532,3,0
8533,2,0
8534,0,0
8535,0,0
8536,2,0
8537,1,0
8538,1,0
8539,0,0
8540,0,0
8541,2,0
8542,3,0
8543,1,0
8544,3,0
8545,1,0
8546,2,0
8547,0,0
8548,1,0
8549,3,0
8550,0,0
8551,1,0
8552,0,0
8553,0,0
8554,4,0
8555,3,0
8556,3,0
8557,3,0
8558,3,0
8559,3,0
8560,4,0
8561,3,0
8562,1,0
8563,3,0
8564,1,0
8565,4,0
8566,3,0
8567,3,0
8568,3,0
8569,0,0
8570,2,0
8571,3,0
8572,1,0
8573,3,0
8574,2,0
8575,3,0
8576,3,0
8577,3,0
8578,3,0
8579,1,0
8580,0,0
8581,1,0
8582,3,0
8583,2,0
8584,3,0
8585,1,0
8586,1,0
8587,0,0
8588,1,0
8589,4,0
8590,0,0
8591,3,0
8592,1,0
8593,3,0
8594,0,0
8595,4,0
8596,1,0
8597,1,0
8598,0,0
8599,2,0
8600,0,0
8601,1,0
8602,0,0
8603,0,0
8604,3,0
8605,3,0
8606,3,0
8607,3,0
8608,2,0
8609,3,0
8610,3,0
8611,1,0
8612,1,0
8613,4,0
8614,3,0
8615,3,0
8616,4,0
8617,4,0
8618,2,0
8619,0,0
8620,1,0
8621,3,0
8622,1,0
8623,3,0
8624,0,0
8625,3,0
8626,1,0
8627,0,0
8628,0,0
8629,3,0
8630,0,0
8631,3,0
8632,3,0
8633,1,0
8634,3,0
8635,0,0
8636,1,0
8637,3,0
8638,2,0
8639,1,0
8640,3,0
8641,4,0
8642,3,0
8643,1,0
8644,1,0
8645,1,0
8646,4,0
8647,0,0
8648,0,0
8649,1,0
8650,1,0
8651,3,0
8652,3,0
8653,3,0
8654,1,0
8655,2,0
8656,1,0
8657,2,0
8658,1,0
8659,3,0
8660,3,0
8661,3,0
8662,0,0
8663,1,0
8664,0,0
8665,1,0
8666,2,0
8667,0,0
8668,3,0
8669,0,0
8670,0,0
8671,0,0
8672,1,0
8673,4,0
8674,0,0
8675,0,0
8676,1,0
8677,1,0
8678,0,0
8679,3,0
8680,0,0
8681,0,0
8682,0,0
8683,1,0
8684,1,0
8685,2,0
8686,3,0
8687,0,0
8688,4,0
8689,0,0
8690,1,0
8691,3,0
8692,3,0
8693,1,0
8694,1,0
8695,1,0
8696,1,0
8697,2,0
8698,1,0
8699,4,0
8700,2,0
8701,1,0
8702,1,0
8703,2,0
8704,3,0
8705,3,0
8706,0,0
8707,1,0
8708,1,0
8709,1,0
8710,1,0
8711,1,0
8712,0,0
8713,3,0
8714,4,0
8715,0,0
8716,0,0
8717,0,0
8718,0,0
8719,2,0
8720,2,0
8721,0,0
8722,0,0
8723,3,0
8724,2,0
8725,3,0
8726,0,0
8727,3,0
8728,3,0
8729,3,0
8730,1,0
8731,3,0
8732,0,0
8733,0,0
8734,3,0
8735,0,0
8736,1,0
8737,3,0
8738,0,0
8739,0,0
8740,3,0
8741,3,0
8742,3,0
8743,0,0
8744,2,0
8745,3,0
8746,3,0
8747,3,0
8748,2,0
8749,1,0
8750,0,0
8751,1,0
8752,0,0
8753,3,0
8754,0,0
8755,0,0
8756,0,0
8757,0,0
8758,0,0
8759,3,0
8760,3,0
8761,1,0
8762,1,0
8763,2,0
8764,2,0
8765,0,0
8766,4,0
8767,1,0
8768,0,0
8769,2,0
8770,1,0
8771,0,0
8772,2,0
8773,1,0
8774,3,0
8775,3,0
8776,2,0
8777,1,0
8778,0,0
8779,3,0
8780,3,0
8781,3,0
8782,3,0
8783,1,0
8784,3,0
8785,3,0
8786,3,0
8787,1,0
8788,4,0
8789,3,0
8790,0,0
8791,0,0
8792,0,0
8793,3,0
8794,3,0
8795,3,0
8796,2,0
8797,4,0
8798,4,0
8799,4,0
8800,4,0
8801,0,0
8802,3,0
8803,0,0
8804,4,0
8805,1,0
8806,3,0
8807,1,0
8808,1,0
8809,0,0
8810,0,0
8811,3,0
8812,0,0
8813,3,0
8814,3,0
8815,4,0
8816,1,0
8817,0,0
8818,3,0
8819,2,0
8820,1,0
8821,1,0
8822,1,0
8823,1,0
8824,1,0
8825,0,0
8826,0,0
8827,1,0
8828,0,0
8829,1,0
8830,4,0
8831,2,0
8832,3,0
8833,3,0
8834,3,0
8835,4,0
8836,4,0
8837,0,0
8838,1,0
8839,1,0
8840,2,0
8841,0,0
8842,0,0
8843,0,0
8844,1,0
8845,2,0
8846,3,0
8847,4,0
8848,2,0
8849,1,0
8850,3,0
8851,0,0
8852,3,0
8853,2,0
8854,4,0
8855,3,0
8856,3,0
8857,0,0
8858,2,0
8859,1,0
8860,1,0
8861,2,0
8862,1,0
8863,3,0
8864,0,0
8865,0,0
8866,0,0
8867,1,0
8868,0,0
8869,0,0
8870,2,0
8871,3,0
8872,0,0
8873,3,0
8874,4,0
8875,1,0
8876,1,0
8877,1,0
8878,2,0
8879,2,0
8880,3,0
8881,1,0
8882,2,0
8883,3,0
8884,0,0
8885,0,0
8886,0,0
8887,3,0
8888,2,0
8889,0,0
8890,0,0
8891,2,0
8892,3,0
8893,1,0
8894,2,0
8895,3,0
8896,3,0
8897,0,0
8898,0,0
8899,1,0
8900,1,0
8901,3,0
8902,4,0
8903,3,0
8904,0,0
8905,4,0
8906,1,0
8907,0,0
8908,3,0
8909,3,0
8910,0,0
8911,1,0
8912,1,0
8913,3,0
8914,0,0
8915,0,0
8916,0,0
8917,0,0
8918,2,0
8919,2,0
8920,1,0
8921,3,0
8922,1,0
8923,0,0
8924,3,0
8925,0,0
8926,3,0
8927,1,0
8928,0,0
8929,0,0
8930,1,0
8931,2,0
8932,0,0
8933,1,0
8934,0,0
8935,4,0
8936,3,0
8937,2,0
8938,0,0
8939,0,0
8940,2,0
8941,3,0
8942,4,0
8943,3,0
8944,1,0
8945,1,0
8946,1,0
8947,0,0
8948,0,0
8949,0,0
8950,3,0
8951,0,0
8952,0,0
8953,3,0
8954,4,0
8955,3,0
8956,0,0
8957,3,0
8958,0,0
8959,1,0
8960,1,0
8961,0,0
8962,3,0
8963,3,0
8964,1,0
8965,4,0
8966,1,0
8967,3,0
8968,0,0
8969,0,0
8970,3,0
8971,3,0
8972,4,0
8973,4,0
8974,4,0
8975,4,0
8976,4,0
8977,4,0
8978,0,0
8979,3,0
8980,3,0
8981,3,0
8982,3,0
8983,3,0
8984,3,0
8985,2,0
8986,0,0
8987,3,0
8988,2,0
8989,0,0
8990,1,0
8991,3,0
8992,0,0
8993,3,0
8994,3,0
8995,3,0
8996,0,0
8997,0,0
8998,0,0
8999,3,0
9000,2,0
9001,1,1
9002,3,1
9003,3,1
9004,3,1
9005,3,1
9006,3,1
9007,4,1
9008,3,1
9009,3,1
9010,3,1
9011,3,1
9012,3,1
9013,3,1
9014,3,1
9015,3,1
9016,3,1
9017,3,1
9018,3,1
9019,3,1
9020,3,1
9021,3,1
9022,3,1
9023,2,1
9024,3,1
9025,3,1
9026,3,1
9027,3,1
9028,3,1
9029,2,1
9030,0,1
9031,3,1
9032,3,1
9033,3,1
9034,3,1
9035,0,1
9036,3,1
9037,3,1
9038,3,1
9039,4,1
9040,3,1
9041,3,1
9042,3,1
9043,3,1
9044,3,1
9045,3,1
9046,3,1
9047,4,1
9048,3,1
9049,3,1
9050,3,1
9051,3,1
9052,3,1
9053,3,1
9054,3,1
9055,3,1
9056,3,1
9057,3,1
9058,3,1
9059,3,1
9060,3,1
9061,3,1
9062,3,1
9063,4,1
9064,3,1
9065,3,1
9066,3,1
9067,0,1
9068,3,1
9069,3,1
9070,3,1
9071,3,1
9072,3,1
9073,3,1
9074,3,1
9075,3,1
9076,3,1
9077,0,1
9078,0,1
9079,3,1
9080,3,1
9081,3,1
